,Territory,Language,Speakers,Population%,Literacy%,Written%,Latitude,Longitude
0,Afghanistan,Persian,18000000.0,50.0,28.0,28.0,33.93911,67.709953
1,Afghanistan,Pashto,16000000.0,43.0,28.0,28.0,33.93911,67.709953
2,Afghanistan,Hazaragi,2200000.0,5.9,28.0,28.0,33.93911,67.709953
3,Afghanistan,Uzbek (Arabic),1700000.0,4.7,28.0,28.0,33.93911,67.709953
4,Afghanistan,Turkmen,620.0,1.7,28.0,28.0,33.93911,67.709953
5,Afghanistan,Parsi-Dari,440.0,1.2,28.0,28.0,33.93911,67.709953
6,Afghanistan,Western Balochi,230.0,0.63,28.0,5.0,33.93911,67.709953
7,Afghanistan,Uyghur,3.0,82.0,28.0,28.0,33.93911,67.709953
8,Afghanistan,Kazakh (Arabic),2.0,55.0,28.0,28.0,33.93911,67.709953
9,Albania,Albanian,3100000.0,100.0,97.0,97.0,41.153332,20.168331
10,Albania,Greek,58.0,1.9,97.0,97.0,41.153332,20.168331
11,Albania,Macedonian,14.0,0.47,97.0,97.0,41.153332,20.168331
12,Algeria,Algerian Arabic,36000000.0,83.0,73.0,73.0,28.033886,1.659626
13,Algeria,Arabic,32000000.0,74.0,73.0,73.0,28.033886,1.659626
14,Algeria,French,8600000.0,20.0,73.0,73.0,28.033886,1.659626
15,Algeria,Kabyle,3400000.0,7.8,10.0,10.0,28.033886,1.659626
16,Algeria,English,3000000.0,7.0,73.0,73.0,28.033886,1.659626
17,American Samoa,Samoan,49.0,99.0,97.0,97.0,-14.270972,-170.132217
18,American Samoa,English,48.0,97.0,97.0,97.0,-14.270972,-170.132217
19,Andorra,Catalan,39.0,51.0,100.0,100.0,42.546245,1.601554
20,Andorra,Spanish,33.0,43.0,100.0,100.0,42.546245,1.601554
21,Andorra,French,58.0,7.5,100.0,100.0,42.546245,1.601554
22,Angola,Portuguese,22000000.0,67.0,70.0,70.0,-11.202692,17.873887
23,Angola,Umbundu,9400000.0,29.0,70.0,70.0,-11.202692,17.873887
24,Angola,Kimbundu,8100000.0,25.0,10.0,10.0,-11.202692,17.873887
25,Angola,Lingala,220.0,0.67,70.0,70.0,-11.202692,17.873887
26,Anguilla,English,17.0,95.0,95.0,95.0,18.220554,-63.068615
27,Antarctica,Unknown language,300.0,100.0,99.0,99.0,-75.250973,-0.071389
28,Argentina,Spanish,45000000.0,100.0,98.0,98.0,-38.416097,-63.616672
29,Argentina,English,3200000.0,7.0,98.0,98.0,-38.416097,-63.616672
30,Argentina,Welsh,30.0,66.0,98.0,98.0,-38.416097,-63.616672
31,Argentina,Guarani,21.0,47.0,98.0,98.0,-38.416097,-63.616672
32,Armenia,Armenian,3000000.0,98.0,100.0,100.0,40.069099,45.038189
33,Armenia,Kurdish,100.0,3.3,100.0,100.0,40.069099,45.038189
34,Armenia,Azerbaijani,0.0,0.0,,,40.069099,45.038189
35,Aruba,Dutch,120.0,97.0,97.0,97.0,12.52111,-69.968338
36,Aruba,Papiamento,73.0,61.0,97.0,97.0,12.52111,-69.968338
37,Aruba,English,3.0,2.5,97.0,97.0,12.52111,-69.968338
38,Australia,English,24000000.0,96.0,99.0,99.0,-25.274398,133.775136
39,Australia,Traditional Chinese,530.0,2.1,99.0,99.0,-25.274398,133.775136
40,Australia,Italian,480.0,1.9,99.0,99.0,-25.274398,133.775136
41,Australia,Warlpiri,25.0,98.0,99.0,99.0,-25.274398,133.775136
42,Austria,German,8600000.0,97.0,98.0,98.0,47.516231,14.550072
43,Austria,Bavarian,8400000.0,95.0,98.0,98.0,47.516231,14.550072
44,Austria,English,6500000.0,73.0,98.0,98.0,47.516231,14.550072
45,Austria,French,970.0,11.0,98.0,98.0,47.516231,14.550072
46,Austria,Italian,800.0,9.0,98.0,98.0,47.516231,14.550072
47,Austria,Croatian,110.0,1.2,98.0,98.0,47.516231,14.550072
48,Austria,Slovenian,33.0,0.37,98.0,98.0,47.516231,14.550072
49,Austria,Hungarian,23.0,0.26,98.0,98.0,47.516231,14.550072
50,Azerbaijan,Azerbaijani,9100000.0,89.0,100.0,100.0,40.143105,47.576927
51,Azerbaijan,Azerbaijani (Cyrillic),1000000.0,9.9,100.0,100.0,40.143105,47.576927
52,Azerbaijan,Talysh,1000000.0,9.8,100.0,100.0,40.143105,47.576927
53,Azerbaijan,Kurdish,24.0,0.24,100.0,100.0,40.143105,47.576927
54,Azerbaijan,Muslim Tat,22.0,0.22,100.0,100.0,40.143105,47.576927
55,Azerbaijan,Tsakhur,16.0,0.16,100.0,100.0,40.143105,47.576927
56,Bahamas,English,340.0,100.0,96.0,96.0,25.03428,-77.39628
57,Bahrain,Arabic,1300000.0,87.0,95.0,95.0,25.930414,50.637772
58,Bahrain,Malayalam,50.0,3.3,95.0,95.0,25.930414,50.637772
59,Bangladesh,Bangla,160000000.0,98.0,58.0,58.0,23.684994,90.356331
60,Bangladesh,English,29000000.0,18.0,58.0,58.0,23.684994,90.356331
61,Bangladesh,Rangpuri,11000000.0,6.5,20.0,20.0,23.684994,90.356331
62,Bangladesh,Sylheti,8100000.0,5.0,35.0,35.0,23.684994,90.356331
63,Bangladesh,Chakma,360.0,0.22,58.0,58.0,23.684994,90.356331
64,Bangladesh,Burmese,340.0,0.21,58.0,58.0,23.684994,90.356331
65,Bangladesh,Garo,120.0,73.0,58.0,58.0,23.684994,90.356331
66,Bangladesh,Mru,29.0,18.0,58.0,58.0,23.684994,90.356331
67,Bangladesh,Manipuri,18.0,11.0,58.0,58.0,23.684994,90.356331
68,Barbados,English,290.0,100.0,100.0,100.0,13.193887,-59.543198
69,Belarus,Belarusian,9500000.0,100.0,100.0,100.0,53.709807,27.953389
70,Belarus,Russian,1100000.0,12.0,100.0,100.0,53.709807,27.953389
71,Belgium,English,6900000.0,59.0,99.0,99.0,50.503887,4.469936
72,Belgium,Dutch,6400000.0,55.0,99.0,99.0,50.503887,4.469936
73,Belgium,French,4500000.0,38.0,99.0,99.0,50.503887,4.469936
74,Belgium,German,2600000.0,22.0,99.0,99.0,50.503887,4.469936
75,Belgium,West Flemish,1200000.0,10.0,99.0,99.0,50.503887,4.469936
76,Belgium,Walloon,680.0,5.8,99.0,5.0,50.503887,4.469936
77,Belize,English,400.0,100.0,77.0,77.0,17.189877,-88.49765
78,Belize,Spanish,110.0,28.0,77.0,77.0,17.189877,-88.49765
79,Benin,French,4500000.0,35.0,42.0,42.0,9.30769,2.315834
80,Benin,Fon,3200000.0,25.0,42.0,42.0,9.30769,2.315834
81,Benin,Yoruba,860.0,6.7,42.0,42.0,9.30769,2.315834
82,Bermuda,English,66.0,92.0,98.0,98.0,32.321384,-64.75737
83,Bhutan,Dzongkha,370.0,47.0,53.0,53.0,27.514162,90.433601
84,Bhutan,Nepali,130.0,17.0,53.0,53.0,27.514162,90.433601
85,Bhutan,Tshangla,120.0,15.0,53.0,53.0,27.514162,90.433601
86,Bhutan,English,86.0,11.0,53.0,53.0,27.514162,90.433601
87,Bhutan,Lepcha,31.0,3.9,53.0,53.0,27.514162,90.433601
88,Bolivia,Spanish,7100000.0,61.0,91.0,91.0,-16.290154,-63.588653
89,Bolivia,Quechua,3700000.0,32.0,91.0,91.0,-16.290154,-63.588653
90,Bolivia,Aymara,2300000.0,20.0,91.0,91.0,-16.290154,-63.588653
91,Bolivia,Guarani,52.0,0.45,91.0,91.0,-16.290154,-63.588653
92,Bolivia,Araona,100.0,90.0,91.0,91.0,-16.290154,-63.588653
93,Botswana,English,1900000.0,81.0,85.0,85.0,-22.328474,24.684866
94,Botswana,Tswana,1400000.0,62.0,85.0,85.0,-22.328474,24.684866
95,Botswana,Afrikaans,6.0,0.26,85.0,85.0,-22.328474,24.684866
96,Bouvet Island,Unknown language,1.0,100.0,99.0,99.0,-54.423199,3.413194
97,Brazil,Portuguese,190000000.0,91.0,90.0,90.0,-14.235004,-51.92528
98,Brazil,English,17000000.0,8.0,90.0,90.0,-14.235004,-51.92528
99,Brazil,German,1800000.0,0.84,90.0,90.0,-14.235004,-51.92528
100,Brazil,Italian,590.0,0.28,90.0,90.0,-14.235004,-51.92528
101,Brazil,Japanese,440.0,0.21,90.0,90.0,-14.235004,-51.92528
102,Brazil,Spanish,76.0,36.0,90.0,90.0,-14.235004,-51.92528
103,Brazil,Kaingang,51.0,24.0,90.0,90.0,-14.235004,-51.92528
104,Brazil,Korean,44.0,21.0,90.0,90.0,-14.235004,-51.92528
105,Brazil,Guajajára,18.0,84.0,90.0,90.0,-14.235004,-51.92528
106,Brazil,Nheengatu,11.0,52.0,90.0,90.0,-14.235004,-51.92528
107,Brazil,Xavánte,10.0,47.0,90.0,90.0,-14.235004,-51.92528
108,British Indian Ocean Territory,English,35.0,100.0,100.0,100.0,-6.343194,71.876519
109,British Virgin Islands,English,37.0,98.0,98.0,98.0,18.420695,-64.639968
110,Brunei,Malay,430.0,93.0,95.0,95.0,4.535277,114.727669
111,Brunei,Traditional Chinese,51.0,11.0,95.0,95.0,4.535277,114.727669
112,Brunei,Malay (Arabic),23.0,5.0,95.0,95.0,4.535277,114.727669
113,Brunei,English,79.0,1.7,95.0,95.0,4.535277,114.727669
114,Bulgaria,Bulgarian,7000000.0,100.0,98.0,98.0,42.733883,25.48583
115,Bulgaria,English,1700000.0,25.0,98.0,98.0,42.733883,25.48583
116,Bulgaria,Russian,1600000.0,23.0,98.0,98.0,42.733883,25.48583
117,Bulgaria,Turkish,770.0,11.0,98.0,98.0,42.733883,25.48583
118,Bulgaria,German,560.0,8.0,98.0,98.0,42.733883,25.48583
119,Burkina Faso,Mossi,8300000.0,40.0,29.0,29.0,12.238333,-1.561593
120,Burkina Faso,Dyula,6700000.0,32.0,29.0,29.0,12.238333,-1.561593
121,Burkina Faso,French,4600000.0,22.0,29.0,29.0,12.238333,-1.561593
122,Burkina Faso,Fulah,0.0,0.0,,,12.238333,-1.561593
123,Burkina Faso,Fulah (Adlam),0.0,0.0,,,12.238333,-1.561593
124,Burundi,Rundi,7500000.0,63.0,67.0,67.0,-3.373056,29.918886
125,Burundi,French,7000000.0,59.0,67.0,67.0,-3.373056,29.918886
126,Burundi,Swahili,64.0,54.0,67.0,67.0,-3.373056,29.918886
127,Burundi,English,63.0,53.0,67.0,67.0,-3.373056,29.918886
128,Cambodia,Khmer,15000000.0,89.0,74.0,74.0,12.565679,104.990963
129,Cambodia,Western Cham,270.0,1.6,74.0,74.0,12.565679,104.990963
130,Cambodia,Kuy,19.0,0.11,74.0,74.0,12.565679,104.990963
131,Cameroon,French,19000000.0,68.0,71.0,71.0,7.369722,12.354722
132,Cameroon,English,11000000.0,38.0,71.0,71.0,7.369722,12.354722
133,Cameroon,Bulu,1300000.0,4.6,71.0,71.0,7.369722,12.354722
134,Cameroon,Fulah,1000000.0,3.6,71.0,71.0,7.369722,12.354722
135,Cameroon,Ewondo,860.0,3.1,15.0,15.0,7.369722,12.354722
136,Cameroon,Yemba,440.0,1.6,2.0,2.0,7.369722,12.354722
137,Cameroon,Ghomala,390.0,1.4,25.0,25.0,7.369722,12.354722
138,Cameroon,Ngiemboon,390.0,1.4,8.0,8.0,7.369722,12.354722
139,Cameroon,Kom,360.0,1.3,71.0,5.0,7.369722,12.354722
140,Cameroon,Basaa,330.0,1.2,25.0,25.0,7.369722,12.354722
141,Cameroon,Bamun,330.0,1.2,71.0,71.0,7.369722,12.354722
142,Cameroon,Medumba,310.0,1.1,15.0,15.0,7.369722,12.354722
143,Cameroon,Mundang,280.0,1.0,71.0,71.0,7.369722,12.354722
144,Cameroon,Mafa,210.0,0.74,71.0,71.0,7.369722,12.354722
145,Cameroon,Bafut,160.0,0.57,30.0,30.0,7.369722,12.354722
146,Cameroon,Akoose,150.0,0.54,30.0,30.0,7.369722,12.354722
147,Cameroon,Kako,150.0,0.54,71.0,71.0,7.369722,12.354722
148,Cameroon,Duala,130.0,0.48,25.0,25.0,7.369722,12.354722
149,Cameroon,Metaʼ,130.0,0.47,71.0,5.0,7.369722,12.354722
150,Cameroon,Arabic,110.0,0.39,71.0,71.0,7.369722,12.354722
151,Cameroon,Ngomba,94.0,0.34,30.0,30.0,7.369722,12.354722
152,Cameroon,Bafia,89.0,0.32,71.0,71.0,7.369722,12.354722
153,Cameroon,Aghem,39.0,0.14,20.0,20.0,7.369722,12.354722
154,Cameroon,Hausa (Arabic),39.0,0.14,71.0,71.0,7.369722,12.354722
155,Cameroon,Kwasio,89.0,32.0,10.0,10.0,7.369722,12.354722
156,Cameroon,Yangben,23.0,83.0,71.0,71.0,7.369722,12.354722
157,Cameroon,Fulah (Adlam),0.0,0.0,,,7.369722,12.354722
158,Canada,English,32000000.0,86.0,99.0,99.0,56.130366,-106.346771
159,Canada,French,8300000.0,22.0,99.0,99.0,56.130366,-106.346771
160,Canada,Italian,750.0,2.0,99.0,99.0,56.130366,-106.346771
161,Canada,German,720.0,1.9,99.0,99.0,56.130366,-106.346771
162,Canada,Plautdietsch,90.0,0.24,99.0,99.0,56.130366,-106.346771
163,Canada,Cree,41.0,0.11,99.0,99.0,56.130366,-106.346771
164,Canada,Plains Cree,41.0,0.11,99.0,99.0,56.130366,-106.346771
165,Canada,Yiddish,17.0,45.0,99.0,99.0,56.130366,-106.346771
166,Canada,Inuktitut,16.0,42.0,30.0,30.0,56.130366,-106.346771
167,Canada,Inuktitut (Latin),16.0,42.0,30.0,30.0,56.130366,-106.346771
168,Canada,Innu,12.0,33.0,99.0,99.0,56.130366,-106.346771
169,Canada,Southern East Cree,72.0,19.0,99.0,99.0,56.130366,-106.346771
170,Canada,Atikamekw,57.0,15.0,99.0,99.0,56.130366,-106.346771
171,Canada,Northern East Cree,53.0,14.0,99.0,99.0,56.130366,-106.346771
172,Canada,Swampy Cree,49.0,13.0,99.0,99.0,56.130366,-106.346771
173,Canada,Moose Cree,45.0,12.0,99.0,99.0,56.130366,-106.346771
174,Canada,Inuinnaqtun,41.0,11.0,30.0,30.0,56.130366,-106.346771
175,Canada,Mohawk,35.0,93.0,99.0,99.0,56.130366,-106.346771
176,Canada,Dogrib,26.0,70.0,99.0,99.0,56.130366,-106.346771
177,Canada,Slave,23.0,61.0,99.0,99.0,56.130366,-106.346771
178,Canada,North Slavey,12.0,33.0,99.0,99.0,56.130366,-106.346771
179,Canada,Naskapi,12.0,31.0,99.0,99.0,56.130366,-106.346771
180,Canada,Chipewyan,750.0,20.0,99.0,99.0,56.130366,-106.346771
181,Canada,Gwichʼin,570.0,15.0,99.0,99.0,56.130366,-106.346771
182,Cape Verde,Kabuverdianu,530.0,91.0,85.0,85.0,16.002082,-24.013197
183,Cape Verde,Portuguese,440.0,76.0,85.0,85.0,16.002082,-24.013197
184,Cayman Islands,English,61.0,98.0,99.0,99.0,19.513469,-80.566956
185,Central African Republic,French,2900000.0,49.0,57.0,57.0,6.611111,20.939444
186,Central African Republic,Sango,2900000.0,49.0,57.0,57.0,6.611111,20.939444
187,Central African Republic,Lingala,14.0,0.24,57.0,57.0,6.611111,20.939444
188,Chad,French,4400000.0,26.0,35.0,35.0,15.454166,18.732207
189,Chad,Arabic,2900000.0,17.0,35.0,35.0,15.454166,18.732207
190,Chile,Spanish,18000000.0,98.0,99.0,99.0,-35.675147,-71.542969
191,Chile,English,1700000.0,9.5,99.0,99.0,-35.675147,-71.542969
192,Chile,Mapuche,270.0,1.5,99.0,99.0,-35.675147,-71.542969
193,China,Chinese,1300000000.0,90.0,95.0,95.0,35.86166,104.195397
194,China,Wu Chinese,84000000.0,6.0,95.0,95.0,35.86166,104.195397
195,China,Cantonese (Simplified),72000000.0,5.2,95.0,95.0,35.86166,104.195397
196,China,Xiang Chinese,40000000.0,2.9,95.0,95.0,35.86166,104.195397
197,China,Hakka Chinese,32000000.0,2.3,95.0,95.0,35.86166,104.195397
198,China,Min Nan Chinese,26000000.0,1.9,95.0,95.0,35.86166,104.195397
199,China,Gan Chinese,24000000.0,1.7,95.0,95.0,35.86166,104.195397
200,China,Sichuan Yi,8400000.0,0.6,60.0,60.0,35.86166,104.195397
201,China,Uyghur,7700000.0,0.55,95.0,95.0,35.86166,104.195397
202,China,Zhuang,4300000.0,0.31,95.0,95.0,35.86166,104.195397
203,China,Mongolian (Mongolian),3600000.0,0.26,95.0,95.0,35.86166,104.195397
204,China,Tibetan,2800000.0,0.2,95.0,95.0,35.86166,104.195397
205,China,Korean,2100000.0,0.15,95.0,95.0,35.86166,104.195397
206,China,Kazakh (Arabic),1200000.0,85.0,95.0,95.0,35.86166,104.195397
207,China,Lisu,630.0,45.0,95.0,95.0,35.86166,104.195397
208,China,Kyrgyz (Arabic),470.0,34.0,95.0,95.0,35.86166,104.195397
209,China,Naxi,330.0,24.0,95.0,95.0,35.86166,104.195397
210,China,Lü,260.0,19.0,95.0,95.0,35.86166,104.195397
211,China,Tai Nüa,260.0,19.0,95.0,95.0,35.86166,104.195397
212,China,Western Lawa,81.0,58.0,95.0,95.0,35.86166,104.195397
213,China,English,63.0,45.0,95.0,95.0,35.86166,104.195397
214,China,Russian,14.0,10.0,95.0,95.0,35.86166,104.195397
215,China,Vietnamese,7.0,50.0,95.0,95.0,35.86166,104.195397
216,China,Uzbek (Cyrillic),56.0,40.0,95.0,95.0,35.86166,104.195397
217,China,Literary Chinese,0.0,0.0,,,35.86166,104.195397
218,Christmas Island,English,14.0,63.0,99.0,99.0,-10.447525,105.690449
219,Colombia,Spanish,46000000.0,93.0,94.0,94.0,4.570868,-74.297333
220,Colombia,Wayuu,130.0,0.27,94.0,94.0,4.570868,-74.297333
221,Comoros,Arabic,560.0,66.0,76.0,76.0,-11.875001,43.872219
222,Comoros,French,470.0,56.0,76.0,76.0,-11.875001,43.872219
223,Comoros,Ngazidja Comorian,310.0,37.0,76.0,76.0,-11.875001,43.872219
224,Comoros,Ndzwani Comorian,290.0,34.0,76.0,76.0,-11.875001,43.872219
225,Cook Islands,English,86.0,100.0,95.0,95.0,-21.236736,-159.777671
226,Costa Rica,Spanish,4800000.0,95.0,96.0,96.0,9.748917,-83.753428
227,Croatia,Croatian,4200000.0,99.0,99.0,99.0,45.1,15.2
228,Croatia,English,2100000.0,49.0,99.0,99.0,45.1,15.2
229,Croatia,Italian,68.0,1.6,99.0,99.0,45.1,15.2
230,Cuba,Spanish,11000000.0,100.0,100.0,100.0,21.521757,-77.781167
231,Cyprus,Greek,1200000.0,95.0,99.0,99.0,35.126413,33.429859
232,Cyprus,English,920.0,73.0,99.0,99.0,35.126413,33.429859
233,Cyprus,Turkish,290.0,23.0,99.0,99.0,35.126413,33.429859
234,Cyprus,French,89.0,7.0,99.0,99.0,35.126413,33.429859
235,Cyprus,Armenian,28.0,0.22,99.0,99.0,35.126413,33.429859
236,Cyprus,Arabic,13.0,0.1,99.0,99.0,35.126413,33.429859
237,Denmark,Danish,5500000.0,93.0,99.0,99.0,56.26392,9.501785
238,Denmark,English,5000000.0,86.0,99.0,99.0,56.26392,9.501785
239,Denmark,German,2800000.0,47.0,99.0,99.0,56.26392,9.501785
240,Denmark,Swedish,760.0,13.0,99.0,99.0,56.26392,9.501785
241,Denmark,Faroese,22.0,0.38,99.0,99.0,56.26392,9.501785
242,Denmark,Kalaallisut,7.0,0.12,99.0,99.0,56.26392,9.501785
243,Denmark,Jutish,0.0,0.0,,,56.26392,9.501785
244,Djibouti,Afar,390.0,42.0,68.0,68.0,11.825138,42.590275
245,Djibouti,Somali,380.0,41.0,68.0,68.0,11.825138,42.590275
246,Djibouti,Arabic,67.0,7.3,68.0,68.0,11.825138,42.590275
247,Djibouti,French,19.0,2.1,68.0,68.0,11.825138,42.590275
248,Dominica,English,70.0,94.0,94.0,94.0,15.414999,-61.370976
249,Dominican Republic,Spanish,8200000.0,78.0,90.0,90.0,18.735693,-70.162651
250,Dominican Republic,English,8.0,76.0,90.0,90.0,18.735693,-70.162651
251,Ecuador,Spanish,16000000.0,96.0,92.0,92.0,-1.831239,-78.183406
252,Ecuador,Quechua,2900000.0,17.0,92.0,92.0,-1.831239,-78.183406
253,Ecuador,Chimborazo Highland Quichua,960.0,5.7,92.0,92.0,-1.831239,-78.183406
254,Egypt,Arabic,98000000.0,94.0,74.0,74.0,26.820553,30.802498
255,Egypt,Egyptian Arabic,67000000.0,64.0,74.0,74.0,26.820553,30.802498
256,Egypt,English,36000000.0,35.0,74.0,74.0,26.820553,30.802498
257,Egypt,Greek,64.0,61.0,74.0,74.0,26.820553,30.802498
258,El Salvador,Spanish,5800000.0,89.0,84.0,84.0,13.794185,-88.89653
259,Equatorial Guinea,Spanish,730.0,87.0,94.0,94.0,1.650801,10.267895
260,Equatorial Guinea,Fang,430.0,51.0,94.0,94.0,1.650801,10.267895
261,Equatorial Guinea,French,74.0,8.8,94.0,94.0,1.650801,10.267895
262,Equatorial Guinea,Bube,66.0,7.9,94.0,94.0,1.650801,10.267895
263,Equatorial Guinea,Portuguese,0.84,10.0,94.0,94.0,1.650801,10.267895
264,Eritrea,Tigrinya,3600000.0,60.0,69.0,69.0,15.179384,39.782334
265,Eritrea,English,3600000.0,59.0,69.0,69.0,15.179384,39.782334
266,Eritrea,Tigre,1100000.0,18.0,69.0,69.0,15.179384,39.782334
267,Eritrea,Arabic,300.0,4.9,69.0,5.0,15.179384,39.782334
268,Eritrea,Afar,220.0,3.6,69.0,69.0,15.179384,39.782334
269,Eritrea,Saho,220.0,3.6,69.0,69.0,15.179384,39.782334
270,Eritrea,Blin,79.0,1.3,69.0,69.0,15.179384,39.782334
271,Estonia,Estonian,870.0,71.0,100.0,100.0,58.595272,25.013607
272,Estonia,Russian,690.0,56.0,100.0,100.0,58.595272,25.013607
273,Estonia,English,610.0,50.0,100.0,100.0,58.595272,25.013607
274,Estonia,Finnish,260.0,21.0,100.0,100.0,58.595272,25.013607
275,Estonia,Võro,70.0,5.7,100.0,100.0,58.595272,25.013607
276,Ethiopia,English,46000000.0,43.0,39.0,39.0,9.145,40.489673
277,Ethiopia,Amharic,36000000.0,33.0,39.0,39.0,9.145,40.489673
278,Ethiopia,Oromo,35000000.0,32.0,39.0,39.0,9.145,40.489673
279,Ethiopia,Somali,6500000.0,6.0,39.0,39.0,9.145,40.489673
280,Ethiopia,Tigrinya,6500000.0,6.0,39.0,39.0,9.145,40.489673
281,Ethiopia,Sidamo,3800000.0,3.5,39.0,39.0,9.145,40.489673
282,Ethiopia,Wolaytta,1900000.0,1.8,39.0,39.0,9.145,40.489673
283,Ethiopia,Afar,1500000.0,1.4,39.0,39.0,9.145,40.489673
284,Faroe Islands,Faroese,49.0,95.0,99.0,99.0,61.892635,-6.911806
285,Fiji,English,880.0,94.0,94.0,94.0,-16.578193,179.414413
286,Fiji,Hindi,410.0,44.0,94.0,94.0,-16.578193,179.414413
287,Fiji,Fiji Hindi,380.0,41.0,94.0,94.0,-16.578193,179.414413
288,Fiji,Fijian,370.0,39.0,94.0,94.0,-16.578193,179.414413
289,Fiji,Rotuman,25.0,0.27,94.0,94.0,-16.578193,179.414413
290,Finland,Finnish,5200000.0,94.0,100.0,100.0,61.92411,25.748151
291,Finland,English,3900000.0,70.0,100.0,100.0,61.92411,25.748151
292,Finland,Swedish,2500000.0,44.0,100.0,100.0,61.92411,25.748151
293,Finland,German,1000000.0,18.0,100.0,100.0,61.92411,25.748151
294,Finland,Russian,45.0,0.81,100.0,100.0,61.92411,25.748151
295,Finland,Estonian,61.0,0.11,100.0,100.0,61.92411,25.748151
296,Finland,Kalo Finnish Romani,5.0,90.0,100.0,100.0,61.92411,25.748151
297,Finland,Northern Sami,2.0,36.0,100.0,100.0,61.92411,25.748151
298,Finland,Inari Sami,610.0,11.0,100.0,100.0,61.92411,25.748151
299,Finland,Skolt Sami,610.0,11.0,100.0,100.0,61.92411,25.748151
300,France,French,67000000.0,99.0,99.0,99.0,46.227638,2.213749
301,France,English,26000000.0,39.0,99.0,99.0,46.227638,2.213749
302,France,Spanish,8800000.0,13.0,99.0,99.0,46.227638,2.213749
303,France,German,3400000.0,5.0,99.0,99.0,46.227638,2.213749
304,France,Occitan,2000000.0,3.0,99.0,5.0,46.227638,2.213749
305,France,Italian,1200000.0,1.7,99.0,99.0,46.227638,2.213749
306,France,Portuguese,880.0,1.3,99.0,99.0,46.227638,2.213749
307,France,Picard,750.0,1.1,99.0,99.0,46.227638,2.213749
308,France,Swiss German,620.0,0.91,99.0,5.0,46.227638,2.213749
309,France,Breton,560.0,0.83,3.0,3.0,46.227638,2.213749
310,France,Corsican,160.0,0.24,99.0,5.0,46.227638,2.213749
311,France,Catalan,120.0,0.17,99.0,99.0,46.227638,2.213749
312,France,Basque,88.0,0.13,99.0,99.0,46.227638,2.213749
313,France,Dutch,88.0,0.13,99.0,99.0,46.227638,2.213749
314,France,Arpitan,64.0,94.0,99.0,99.0,46.227638,2.213749
315,France,Interlingua,140.0,20.0,99.0,99.0,46.227638,2.213749
316,French Guiana,French,150.0,77.0,83.0,83.0,3.933889,-53.125782
317,French Guiana,Guianese Creole French,52.0,26.0,83.0,83.0,3.933889,-53.125782
318,French Guiana,Traditional Chinese,5.0,2.5,83.0,83.0,3.933889,-53.125782
319,French Polynesia,French,180.0,61.0,98.0,98.0,-17.679742,-149.406843
320,French Polynesia,Tahitian,91.0,31.0,98.0,98.0,-17.679742,-149.406843
321,French Polynesia,Traditional Chinese,23.0,7.8,98.0,98.0,-17.679742,-149.406843
322,French Southern Territories,French,140.0,100.0,100.0,100.0,-49.280366,69.348557
323,Gabon,French,1400000.0,63.0,89.0,89.0,-0.803689,11.609444
324,Gabon,Punu,200.0,9.0,89.0,89.0,-0.803689,11.609444
325,Gambia,English,870.0,40.0,51.0,51.0,13.443182,-15.310139
326,Gambia,Mandingo,630.0,29.0,51.0,51.0,13.443182,-15.310139
327,Gambia,Fulah,0.0,0.0,,,13.443182,-15.310139
328,Gambia,Fulah (Adlam),0.0,0.0,,,13.443182,-15.310139
329,Georgia,Georgian,3400000.0,86.0,100.0,100.0,42.315407,43.356892
330,Georgia,Mingrelian,440.0,11.0,100.0,100.0,42.315407,43.356892
331,Georgia,Russian,360.0,9.0,100.0,100.0,42.315407,43.356892
332,Georgia,Armenian,280.0,7.0,100.0,100.0,42.315407,43.356892
333,Georgia,Ossetic,160.0,4.1,100.0,100.0,42.315407,43.356892
334,Georgia,Abkhazian,88.0,2.2,100.0,100.0,42.315407,43.356892
335,Georgia,Kurdish,36.0,0.89,100.0,100.0,42.315407,43.356892
336,Germany,German,73000000.0,91.0,99.0,99.0,51.165691,10.451526
337,Germany,English,51000000.0,64.0,99.0,99.0,51.165691,10.451526
338,Germany,French,14000000.0,18.0,99.0,99.0,51.165691,10.451526
339,Germany,Bavarian,14000000.0,17.0,99.0,5.0,51.165691,10.451526
340,Germany,Low German,9600000.0,12.0,99.0,5.0,51.165691,10.451526
341,Germany,Dutch,7200000.0,9.0,99.0,99.0,51.165691,10.451526
342,Germany,Italian,5600000.0,7.0,99.0,99.0,51.165691,10.451526
343,Germany,Spanish,4800000.0,6.0,99.0,99.0,51.165691,10.451526
344,Germany,Russian,4800000.0,6.0,99.0,99.0,51.165691,10.451526
345,Germany,Main-Franconian,4800000.0,6.0,99.0,99.0,51.165691,10.451526
346,Germany,Turkish,2000000.0,2.5,99.0,99.0,51.165691,10.451526
347,Germany,Swiss German,1800000.0,2.3,99.0,5.0,51.165691,10.451526
348,Germany,Danish,1600000.0,2.0,99.0,99.0,51.165691,10.451526
349,Germany,Swabian,800.0,1.0,99.0,5.0,51.165691,10.451526
350,Germany,Croatian,630.0,0.79,99.0,99.0,51.165691,10.451526
351,Germany,Kurdish,530.0,0.66,99.0,99.0,51.165691,10.451526
352,Germany,Greek,300.0,0.38,99.0,99.0,51.165691,10.451526
353,Germany,Colognian,240.0,0.3,99.0,99.0,51.165691,10.451526
354,Germany,Polish,230.0,0.29,99.0,99.0,51.165691,10.451526
355,Germany,Upper Sorbian,13.0,16.0,99.0,5.0,51.165691,10.451526
356,Germany,Northern Frisian,96.0,12.0,99.0,99.0,51.165691,10.451526
357,Germany,Lower Sorbian,7.0,87.0,99.0,5.0,51.165691,10.451526
358,Germany,Eastern Frisian,2.0,25.0,99.0,99.0,51.165691,10.451526
359,Germany,Saterland Frisian,960.0,12.0,99.0,99.0,51.165691,10.451526
360,Germany,Palatine German,0.0,0.0,,,51.165691,10.451526
361,Ghana,Akan,11000000.0,39.0,72.0,72.0,7.946527,-1.023194
362,Ghana,English,6200000.0,21.0,72.0,72.0,7.946527,-1.023194
363,Ghana,Ewe,3200000.0,11.0,72.0,72.0,7.946527,-1.023194
364,Ghana,Abron,1500000.0,5.0,71.0,71.0,7.946527,-1.023194
365,Ghana,Frafra,1000000.0,3.5,72.0,72.0,7.946527,-1.023194
366,Ghana,Adangme,880.0,3.0,72.0,72.0,7.946527,-1.023194
367,Ghana,Ga,820.0,2.8,72.0,72.0,7.946527,-1.023194
368,Ghana,Nzima,290.0,1.0,72.0,72.0,7.946527,-1.023194
369,Ghana,Hausa,250.0,0.86,72.0,72.0,7.946527,-1.023194
370,Ghana,Safaliba,41.0,14.0,72.0,72.0,7.946527,-1.023194
371,Ghana,Fulah,0.0,0.0,,,7.946527,-1.023194
372,Ghana,Fulah (Adlam),0.0,0.0,,,7.946527,-1.023194
373,Gibraltar,English,24.0,80.0,80.0,80.0,36.137741,-5.345374
374,Gibraltar,Spanish,15.0,50.0,80.0,80.0,36.137741,-5.345374
375,Greece,Greek,11000000.0,99.0,97.0,97.0,39.074208,21.824312
376,Greece,English,5400000.0,51.0,97.0,97.0,39.074208,21.824312
377,Greece,French,950.0,9.0,97.0,97.0,39.074208,21.824312
378,Greece,German,530.0,5.0,97.0,97.0,39.074208,21.824312
379,Greece,Pontic,390.0,3.7,97.0,97.0,39.074208,21.824312
380,Greece,Macedonian,170.0,1.6,97.0,97.0,39.074208,21.824312
381,Greece,Turkish,130.0,1.2,97.0,97.0,39.074208,21.824312
382,Greece,Bulgarian,29.0,0.27,97.0,97.0,39.074208,21.824312
383,Greece,Albanian,10.0,94.0,97.0,97.0,39.074208,21.824312
384,Greece,Tsakonian,200.0,19.0,97.0,97.0,39.074208,21.824312
385,Greenland,Kalaallisut,48.0,84.0,100.0,100.0,71.706936,-42.604303
386,Greenland,Danish,81.0,14.0,100.0,100.0,71.706936,-42.604303
387,Grenada,English,110.0,96.0,96.0,96.0,12.262776,-61.604171
388,Guadeloupe,French,410.0,90.0,90.0,90.0,16.995971,-62.067641
389,Guam,English,150.0,91.0,99.0,99.0,13.444304,144.793731
390,Guam,Chamorro,37.0,22.0,99.0,99.0,13.444304,144.793731
391,Guatemala,Spanish,16000000.0,93.0,76.0,76.0,15.783471,-90.230759
392,Guatemala,Kʼicheʼ,1200000.0,7.0,76.0,76.0,15.783471,-90.230759
393,Guernsey,English,67.0,100.0,100.0,100.0,49.465691,-2.585278
394,Guinea,French,3600000.0,29.0,41.0,41.0,9.945587,-9.696645
395,Guinea,Fulah,3300000.0,26.0,41.0,41.0,9.945587,-9.696645
396,Guinea,Mandingo (N’Ko),2900000.0,23.0,41.0,41.0,9.945587,-9.696645
397,Guinea,Susu,1400000.0,11.0,41.0,41.0,9.945587,-9.696645
398,Guinea,N’Ko,630.0,5.0,41.0,41.0,9.945587,-9.696645
399,Guinea,Kpelle,480.0,3.8,41.0,41.0,9.945587,-9.696645
400,Guinea,Fulah (Adlam),0.0,0.0,,,9.945587,-9.696645
401,Guinea-Bissau,Portuguese,1900000.0,100.0,55.0,55.0,11.803749,-15.180413
402,Guinea-Bissau,Mankanya,50.0,2.6,55.0,55.0,11.803749,-15.180413
403,Guinea-Bissau,Fulah,1.9,10.0,55.0,55.0,11.803749,-15.180413
404,Guinea-Bissau,Fulah (Adlam),1.9,10.0,55.0,55.0,11.803749,-15.180413
405,Guyana,English,750.0,100.0,92.0,92.0,4.860416,-58.93018
406,Haiti,Haitian Creole,9000000.0,81.0,49.0,49.0,18.971187,-72.285215
407,Haiti,French,520.0,4.7,100.0,100.0,18.971187,-72.285215
408,Honduras,Spanish,7200000.0,78.0,85.0,85.0,15.199999,-86.241905
409,Honduras,English,41.0,0.44,85.0,85.0,15.199999,-86.241905
410,Hungary,Hungarian,9800000.0,100.0,99.0,99.0,47.162494,19.503304
411,Hungary,English,2000000.0,20.0,99.0,99.0,47.162494,19.503304
412,Hungary,German,1800000.0,18.0,99.0,99.0,47.162494,19.503304
413,Hungary,French,290.0,3.0,99.0,99.0,47.162494,19.503304
414,Hungary,Romanian,97.0,0.99,99.0,99.0,47.162494,19.503304
415,Hungary,Croatian,31.0,0.32,99.0,99.0,47.162494,19.503304
416,Hungary,Slovak,12.0,0.12,99.0,99.0,47.162494,19.503304
417,Hungary,Slovenian,5.0,51.0,99.0,99.0,47.162494,19.503304
418,Iceland,Icelandic,350.0,100.0,99.0,99.0,64.963051,-19.020835
419,Iceland,Danish,22.0,0.64,99.0,99.0,64.963051,-19.020835
420,India,Hindi,540000000.0,41.0,63.0,63.0,20.593684,78.96288
421,India,English,250000000.0,19.0,63.0,63.0,20.593684,78.96288
422,India,Bangla,110000000.0,8.1,63.0,63.0,20.593684,78.96288
423,India,Telugu,95000000.0,7.2,63.0,63.0,20.593684,78.96288
424,India,Marathi,93000000.0,7.0,63.0,63.0,20.593684,78.96288
425,India,Tamil,78000000.0,5.9,63.0,63.0,20.593684,78.96288
426,India,Urdu,66000000.0,5.0,63.0,63.0,20.593684,78.96288
427,India,Gujarati,60000000.0,4.5,63.0,63.0,20.593684,78.96288
428,India,Kannada,49000000.0,3.7,63.0,63.0,20.593684,78.96288
429,India,Malayalam,42000000.0,3.2,63.0,63.0,20.593684,78.96288
430,India,Odia,42000000.0,3.2,63.0,63.0,20.593684,78.96288
431,India,Punjabi,37000000.0,2.8,63.0,63.0,20.593684,78.96288
432,India,Bhojpuri,31000000.0,2.3,30.0,30.0,20.593684,78.96288
433,India,Awadhi,25000000.0,1.9,63.0,5.0,20.593684,78.96288
434,India,Assamese,17000000.0,1.3,63.0,63.0,20.593684,78.96288
435,India,Haryanvi,16000000.0,1.2,55.0,55.0,20.593684,78.96288
436,India,Magahi,16000000.0,1.2,30.0,30.0,20.593684,78.96288
437,India,Maithili,16000000.0,1.2,63.0,63.0,20.593684,78.96288
438,India,Marwari,16000000.0,1.2,63.0,63.0,20.593684,78.96288
439,India,Chhattisgarhi,15000000.0,1.1,63.0,63.0,20.593684,78.96288
440,India,Deccan,13000000.0,0.99,63.0,63.0,20.593684,78.96288
441,India,Kanauji,7400000.0,0.56,60.0,60.0,20.593684,78.96288
442,India,Nepali,7400000.0,0.56,63.0,63.0,20.593684,78.96288
443,India,Santali,7300000.0,0.55,63.0,63.0,20.593684,78.96288
444,India,Mewati,6100000.0,0.46,25.0,25.0,20.593684,78.96288
445,India,Rangpuri,5700000.0,0.43,20.0,20.0,20.593684,78.96288
446,India,Kashmiri,5400000.0,0.41,63.0,63.0,20.593684,78.96288
447,India,Konkani,4900000.0,0.37,63.0,63.0,20.593684,78.96288
448,India,Goan Konkani,4200000.0,0.32,63.0,63.0,20.593684,78.96288
449,India,Shekhawati,3700000.0,0.28,63.0,63.0,20.593684,78.96288
450,India,Garhwali,3600000.0,0.27,63.0,63.0,20.593684,78.96288
451,India,Lambadi,3600000.0,0.27,63.0,63.0,20.593684,78.96288
452,India,Sindhi,3400000.0,0.26,63.0,63.0,20.593684,78.96288
453,India,Gondi,3200000.0,0.24,63.0,63.0,20.593684,78.96288
454,India,Kumaoni,2900000.0,0.22,63.0,63.0,20.593684,78.96288
455,India,Dogri,2700000.0,0.2,63.0,63.0,20.593684,78.96288
456,India,Kurukh,2500000.0,0.19,63.0,63.0,20.593684,78.96288
457,India,Sadri,2400000.0,0.18,63.0,63.0,20.593684,78.96288
458,India,Waddar,2400000.0,0.18,63.0,63.0,20.593684,78.96288
459,India,Kangri,2100000.0,0.16,63.0,63.0,20.593684,78.96288
460,India,Khandesi,2000000.0,0.15,63.0,63.0,20.593684,78.96288
461,India,Tulu,2000000.0,0.15,63.0,63.0,20.593684,78.96288
462,India,Wagdi,2000000.0,0.15,63.0,63.0,20.593684,78.96288
463,India,Bodo,1900000.0,0.14,63.0,63.0,20.593684,78.96288
464,India,Nimadi,1700000.0,0.13,63.0,63.0,20.593684,78.96288
465,India,Bhili,1600000.0,0.12,63.0,63.0,20.593684,78.96288
466,India,Manipuri,1500000.0,0.11,63.0,63.0,20.593684,78.96288
467,India,Hindi (Latin),1300000.0,0.1,63.0,63.0,20.593684,78.96288
468,India,Rajasthani,1300000.0,0.1,63.0,63.0,20.593684,78.96288
469,India,Ho,1300000.0,99.0,63.0,63.0,20.593684,78.96288
470,India,Mewari,1300000.0,97.0,63.0,63.0,20.593684,78.96288
471,India,Mundari,1200000.0,94.0,63.0,63.0,20.593684,78.96288
472,India,Bhilali,1200000.0,92.0,63.0,63.0,20.593684,78.96288
473,India,Hadothi,1100000.0,82.0,63.0,63.0,20.593684,78.96288
474,India,Khasi,1100000.0,80.0,29.0,29.0,20.593684,78.96288
475,India,Kachhi,990.0,75.0,63.0,63.0,20.593684,78.96288
476,India,Garo,700.0,53.0,63.0,63.0,20.593684,78.96288
477,India,Munda,640.0,48.0,63.0,63.0,20.593684,78.96288
478,India,Bagheli,490.0,37.0,63.0,63.0,20.593684,78.96288
479,India,Sirmauri,460.0,35.0,63.0,63.0,20.593684,78.96288
480,India,Saurashtra,380.0,29.0,63.0,63.0,20.593684,78.96288
481,India,Chakma,370.0,28.0,63.0,63.0,20.593684,78.96288
482,India,Sindhi (Devanagari),340.0,26.0,63.0,63.0,20.593684,78.96288
483,India,Badaga,310.0,23.0,63.0,63.0,20.593684,78.96288
484,India,Ao Naga,310.0,23.0,63.0,63.0,20.593684,78.96288
485,India,Riang [India],170.0,13.0,63.0,63.0,20.593684,78.96288
486,India,Tibetan,150.0,11.0,63.0,63.0,20.593684,78.96288
487,India,Bishnupriya,90.0,68.0,63.0,63.0,20.593684,78.96288
488,India,Balti,82.0,62.0,63.0,63.0,20.593684,78.96288
489,India,Braj,54.0,41.0,63.0,63.0,20.593684,78.96288
490,India,Lepcha,46.0,35.0,63.0,63.0,20.593684,78.96288
491,India,Bateri,34.0,26.0,63.0,63.0,20.593684,78.96288
492,India,Limbu,34.0,26.0,63.0,63.0,20.593684,78.96288
493,India,Lahnda,33.0,25.0,63.0,63.0,20.593684,78.96288
494,India,Sanskrit,16.0,12.0,63.0,63.0,20.593684,78.96288
495,India,Khamti,93.0,70.0,63.0,63.0,20.593684,78.96288
496,India,Divehi,4.0,30.0,63.0,63.0,20.593684,78.96288
497,India,Dzongkha,27.0,20.0,63.0,63.0,20.593684,78.96288
498,Indonesia,Indonesian,170000000.0,64.0,93.0,93.0,-0.789275,113.921327
499,Indonesia,Javanese,91000000.0,34.0,10.0,10.0,-0.789275,113.921327
500,Indonesia,Sundanese,32000000.0,12.0,93.0,93.0,-0.789275,113.921327
501,Indonesia,Madurese,17000000.0,6.3,40.0,40.0,-0.789275,113.921327
502,Indonesia,Malay,9100000.0,3.4,93.0,93.0,-0.789275,113.921327
503,Indonesia,Minangkabau,8000000.0,3.0,10.0,10.0,-0.789275,113.921327
504,Indonesia,Betawi,5600000.0,2.1,93.0,93.0,-0.789275,113.921327
505,Indonesia,Balinese,4800000.0,1.8,10.0,10.0,-0.789275,113.921327
506,Indonesia,Buginese,4300000.0,1.6,10.0,10.0,-0.789275,113.921327
507,Indonesia,Banjar,4000000.0,1.5,10.0,10.0,-0.789275,113.921327
508,Indonesia,Achinese,3700000.0,1.4,93.0,93.0,-0.789275,113.921327
509,Indonesia,Malay (Arabic),3200000.0,1.2,93.0,93.0,-0.789275,113.921327
510,Indonesia,Sasak,2600000.0,0.97,93.0,93.0,-0.789275,113.921327
511,Indonesia,Batak Toba,2500000.0,0.92,93.0,93.0,-0.789275,113.921327
512,Indonesia,Traditional Chinese,2500000.0,0.92,93.0,93.0,-0.789275,113.921327
513,Indonesia,Makasar,1900000.0,0.73,93.0,93.0,-0.789275,113.921327
514,Indonesia,Lampung Api,1800000.0,0.69,93.0,93.0,-0.789275,113.921327
515,Indonesia,Rejang,1200000.0,0.46,93.0,93.0,-0.789275,113.921327
516,Indonesia,Gorontalo,1100000.0,0.41,93.0,93.0,-0.789275,113.921327
517,Indonesia,Ngaju,990.0,0.37,93.0,93.0,-0.789275,113.921327
518,Indonesia,Komering,850.0,0.32,93.0,93.0,-0.789275,113.921327
519,Indonesia,Uab Meto,720.0,0.27,93.0,93.0,-0.789275,113.921327
520,Indonesia,Kerinci,370.0,0.14,93.0,93.0,-0.789275,113.921327
521,Indonesia,Tolaki,350.0,0.13,93.0,93.0,-0.789275,113.921327
522,Indonesia,Gayo,320.0,0.12,93.0,93.0,-0.789275,113.921327
523,Indonesia,Tae',290.0,0.11,93.0,93.0,-0.789275,113.921327
524,Indonesia,Mandar,250.0,92.0,93.0,93.0,-0.789275,113.921327
525,Indonesia,Sangir,250.0,92.0,93.0,93.0,-0.789275,113.921327
526,Indonesia,Selayar,140.0,54.0,93.0,93.0,-0.789275,113.921327
527,Indonesia,Mentawai,64.0,24.0,93.0,93.0,-0.789275,113.921327
528,Iran,Persian,64000000.0,75.0,85.0,85.0,32.427908,53.688046
529,Iran,Azerbaijani (Arabic),20000000.0,24.0,85.0,85.0,32.427908,53.688046
530,Iran,Mazanderani,4200000.0,5.0,85.0,85.0,32.427908,53.688046
531,Iran,Gilaki,3900000.0,4.6,85.0,85.0,32.427908,53.688046
532,Iran,Central Kurdish,3300000.0,3.9,85.0,85.0,32.427908,53.688046
533,Iran,Southern Kurdish,3100000.0,3.7,85.0,85.0,32.427908,53.688046
534,Iran,Turkmen,2400000.0,2.8,85.0,85.0,32.427908,53.688046
535,Iran,Northern Luri,1800000.0,2.1,10.0,10.0,32.427908,53.688046
536,Iran,Arabic,1700000.0,2.0,85.0,85.0,32.427908,53.688046
537,Iran,Baluchi,1700000.0,2.0,85.0,85.0,32.427908,53.688046
538,Iran,Domari,1600000.0,1.9,1.0,1.0,32.427908,53.688046
539,Iran,Bakhtiari,1200000.0,1.4,85.0,85.0,32.427908,53.688046
540,Iran,Southern Luri,1000000.0,1.2,85.0,85.0,32.427908,53.688046
541,Iran,Laki,650.0,0.76,85.0,85.0,32.427908,53.688046
542,Iran,Western Balochi,480.0,0.56,85.0,5.0,32.427908,53.688046
543,Iran,Parsi-Dari,420.0,0.5,85.0,85.0,32.427908,53.688046
544,Iran,Armenian,200.0,0.24,85.0,85.0,32.427908,53.688046
545,Iran,Pashto,140.0,0.16,85.0,85.0,32.427908,53.688046
546,Iran,Georgian,60.0,71.0,85.0,85.0,32.427908,53.688046
547,Iran,Zoroastrian Dari,8.0,94.0,85.0,85.0,32.427908,53.688046
548,Iran,Kazakh (Arabic),3.0,35.0,85.0,85.0,32.427908,53.688046
549,Iraq,Arabic,26000000.0,68.0,79.0,79.0,33.223191,43.679291
550,Iraq,English,14000000.0,35.0,78.0,78.0,33.223191,43.679291
551,Iraq,Central Kurdish,7800000.0,20.0,78.0,78.0,33.223191,43.679291
552,Iraq,Azerbaijani (Arabic),700.0,1.8,78.0,78.0,33.223191,43.679291
553,Iraq,Persian,340.0,0.87,78.0,78.0,33.223191,43.679291
554,Iraq,Northern Luri,240.0,0.61,78.0,78.0,33.223191,43.679291
555,Iraq,Syriac,190.0,0.5,78.0,78.0,33.223191,43.679291
556,Ireland,English,5100000.0,98.0,99.0,99.0,53.41291,-8.24389
557,Ireland,Irish,1100000.0,22.0,99.0,99.0,53.41291,-8.24389
558,Ireland,French,880.0,17.0,99.0,99.0,53.41291,-8.24389
559,Isle of Man,English,90.0,100.0,99.0,99.0,54.236107,-4.548056
560,Isle of Man,Manx,17.0,1.9,99.0,99.0,54.236107,-4.548056
561,Israel,Hebrew,8700000.0,100.0,97.0,97.0,31.046051,34.851612
562,Israel,English,7400000.0,85.0,97.0,97.0,31.046051,34.851612
563,Israel,Arabic,1700000.0,20.0,97.0,97.0,31.046051,34.851612
564,Israel,Russian,950.0,11.0,97.0,97.0,31.046051,34.851612
565,Israel,Romanian,320.0,3.7,97.0,97.0,31.046051,34.851612
566,Israel,Yiddish,260.0,3.0,97.0,97.0,31.046051,34.851612
567,Israel,Polish,130.0,1.5,97.0,97.0,31.046051,34.851612
568,Israel,Ladino,110.0,1.3,97.0,97.0,31.046051,34.851612
569,Israel,Hungarian,87.0,1.0,97.0,97.0,31.046051,34.851612
570,Israel,Amharic,51.0,0.59,97.0,97.0,31.046051,34.851612
571,Israel,Tigrinya,10.0,0.12,97.0,97.0,31.046051,34.851612
572,Israel,Malayalam,8.0,92.0,97.0,97.0,31.046051,34.851612
573,Italy,Italian,59000000.0,95.0,99.0,99.0,41.87194,12.56738
574,Italy,English,21000000.0,34.0,99.0,99.0,41.87194,12.56738
575,Italy,French,3900000.0,6.3,99.0,99.0,41.87194,12.56738
576,Italy,Sardinian,1100000.0,1.7,99.0,99.0,41.87194,12.56738
577,Italy,German,1000000.0,1.6,99.0,99.0,41.87194,12.56738
578,Italy,Venetian,810.0,1.3,99.0,99.0,41.87194,12.56738
579,Italy,Neapolitan,610.0,0.97,99.0,5.0,41.87194,12.56738
580,Italy,Ligurian,540.0,0.86,99.0,99.0,41.87194,12.56738
581,Italy,Sicilian,510.0,0.82,99.0,5.0,41.87194,12.56738
582,Italy,Sassarese Sardinian,110.0,0.17,99.0,99.0,41.87194,12.56738
583,Italy,Slovenian,110.0,0.17,99.0,99.0,41.87194,12.56738
584,Italy,Friulian,37.0,60.0,99.0,5.0,41.87194,12.56738
585,Italy,Emilian,31.0,50.0,99.0,99.0,41.87194,12.56738
586,Italy,Catalan,22.0,35.0,99.0,99.0,41.87194,12.56738
587,Italy,Greek,22.0,35.0,99.0,99.0,41.87194,12.56738
588,Italy,Lombard,19.0,30.0,99.0,99.0,41.87194,12.56738
589,Italy,Piedmontese,62.0,99.0,99.0,99.0,41.87194,12.56738
590,Italy,Croatian,35.0,56.0,99.0,99.0,41.87194,12.56738
591,Italy,Romagnol,0.0,0.0,,,41.87194,12.56738
592,Jamaica,English,2800000.0,98.0,87.0,87.0,18.109581,-77.297508
593,Jamaica,Jamaican Creole English,2700000.0,95.0,87.0,87.0,18.109581,-77.297508
594,Japan,Japanese,120000000.0,95.0,99.0,99.0,36.204824,138.252924
595,Japan,Central Okinawan,970.0,0.77,99.0,5.0,36.204824,138.252924
596,Japan,Korean,650.0,0.52,99.0,99.0,36.204824,138.252924
597,Jersey,English,96.0,95.0,99.0,99.0,49.214439,-2.13125
598,Jordan,Arabic,11000000.0,100.0,96.0,96.0,30.585164,36.238414
599,Jordan,English,4900000.0,45.0,96.0,96.0,30.585164,36.238414
600,Kazakhstan,Russian,14000000.0,72.0,100.0,100.0,48.019573,66.923684
601,Kazakhstan,Kazakh,12000000.0,64.0,100.0,100.0,48.019573,66.923684
602,Kazakhstan,English,2900000.0,15.0,100.0,100.0,48.019573,66.923684
603,Kazakhstan,German,1200000.0,6.4,100.0,100.0,48.019573,66.923684
604,Kazakhstan,Uyghur (Cyrillic),380.0,2.0,100.0,100.0,48.019573,66.923684
605,Kenya,Swahili,35000000.0,66.0,87.0,87.0,-0.023559,37.906193
606,Kenya,English,10000000.0,19.0,87.0,87.0,-0.023559,37.906193
607,Kenya,Kikuyu,9100000.0,17.0,87.0,87.0,-0.023559,37.906193
608,Kenya,Luyia,5900000.0,11.0,87.0,87.0,-0.023559,37.906193
609,Kenya,Luo,5200000.0,9.8,87.0,87.0,-0.023559,37.906193
610,Kenya,Kamba,4100000.0,7.6,87.0,87.0,-0.023559,37.906193
611,Kenya,Kalenjin,4100000.0,7.6,87.0,87.0,-0.023559,37.906193
612,Kenya,Gusii,2600000.0,4.9,87.0,87.0,-0.023559,37.906193
613,Kenya,Meru,2100000.0,4.0,87.0,87.0,-0.023559,37.906193
614,Kenya,Masai,860.0,1.6,50.0,50.0,-0.023559,37.906193
615,Kenya,Embu,800.0,1.5,1.0,1.0,-0.023559,37.906193
616,Kenya,Somali,700.0,1.3,87.0,87.0,-0.023559,37.906193
617,Kenya,Taita,440.0,0.82,87.0,5.0,-0.023559,37.906193
618,Kenya,Teso,400.0,0.74,87.0,87.0,-0.023559,37.906193
619,Kenya,Pökoot,370.0,0.69,1.0,1.0,-0.023559,37.906193
620,Kenya,Oromo,250.0,0.47,87.0,87.0,-0.023559,37.906193
621,Kenya,Samburu,250.0,0.46,1.0,1.0,-0.023559,37.906193
622,Kenya,Arabic,25.0,46.0,87.0,87.0,-0.023559,37.906193
623,Kenya,Punjabi,10.0,19.0,87.0,87.0,-0.023559,37.906193
624,Kenya,Gujarati,5.0,93.0,87.0,87.0,-0.023559,37.906193
625,Kiribati,English,110.0,100.0,90.0,90.0,-3.370417,-168.734039
626,Kiribati,Gilbertese,67.0,60.0,90.0,90.0,-3.370417,-168.734039
627,Kosovo,Albanian,1800000.0,92.0,92.0,92.0,42.602636,20.902977
628,Kosovo,Gheg Albanian,1400000.0,74.0,92.0,92.0,42.602636,20.902977
629,Kosovo,Serbian,97.0,5.0,92.0,92.0,42.602636,20.902977
630,Kosovo,Serbian (Latin),97.0,5.0,92.0,92.0,42.602636,20.902977
631,Kuwait,Arabic,3000000.0,100.0,94.0,94.0,29.31166,47.481766
632,Kyrgyzstan,Kyrgyz,2900000.0,48.0,99.0,99.0,41.20438,74.766098
633,Kyrgyzstan,Russian,2100000.0,36.0,99.0,99.0,41.20438,74.766098
634,Laos,Lao,5100000.0,69.0,73.0,73.0,19.85627,102.495496
635,Laos,Khmu,430.0,5.8,73.0,73.0,19.85627,102.495496
636,Laos,Kuy,71.0,0.96,73.0,73.0,19.85627,102.495496
637,Latvia,Latvian,1100000.0,61.0,100.0,100.0,56.879635,24.603189
638,Latvia,English,870.0,46.0,100.0,100.0,56.879635,24.603189
639,Latvia,Russian,710.0,38.0,100.0,100.0,56.879635,24.603189
640,Latvia,Latgalian,170.0,8.9,100.0,100.0,56.879635,24.603189
641,Lebanon,Arabic,4700000.0,86.0,90.0,90.0,33.854721,35.862285
642,Lebanon,English,2200000.0,40.0,90.0,90.0,33.854721,35.862285
643,Lebanon,Armenian,280.0,5.2,90.0,90.0,33.854721,35.862285
644,Lebanon,Kurdish (Arabic),93.0,1.7,90.0,90.0,33.854721,35.862285
645,Lebanon,French,20.0,0.37,90.0,90.0,33.854721,35.862285
646,Lesotho,Southern Sotho,1900000.0,98.0,90.0,90.0,-29.609988,28.233608
647,Lesotho,English,530.0,27.0,90.0,90.0,-29.609988,28.233608
648,Lesotho,Zulu,280.0,14.0,90.0,90.0,-29.609988,28.233608
649,Lesotho,Swati,47.0,2.4,90.0,90.0,-29.609988,28.233608
650,Lesotho,Xhosa,19.0,0.99,90.0,90.0,-29.609988,28.233608
651,Liberia,English,4200000.0,83.0,61.0,61.0,6.428055,-9.429499
652,Liberia,Kpelle,710.0,14.0,61.0,61.0,6.428055,-9.429499
653,Liberia,Vai,130.0,2.6,61.0,61.0,6.428055,-9.429499
654,Liberia,Mende,24.0,0.48,61.0,61.0,6.428055,-9.429499
655,Liberia,Fulah,0.0,0.0,,,6.428055,-9.429499
656,Liberia,Fulah (Adlam),0.0,0.0,,,6.428055,-9.429499
657,Liberia,Vai (Latin),0.0,0.0,,,6.428055,-9.429499
658,Libya,Arabic,5100000.0,74.0,90.0,90.0,26.3351,17.228331
659,Liechtenstein,German,39.0,100.0,100.0,100.0,47.166,9.555373
660,Liechtenstein,Swiss German,33.0,85.0,100.0,5.0,47.166,9.555373
661,Liechtenstein,Walser,13.0,3.3,100.0,100.0,47.166,9.555373
662,Lithuania,Lithuanian,2300000.0,86.0,100.0,100.0,55.169438,23.881275
663,Lithuania,Russian,2200000.0,80.0,100.0,100.0,55.169438,23.881275
664,Lithuania,English,1000000.0,38.0,100.0,100.0,55.169438,23.881275
665,Lithuania,German,380.0,14.0,100.0,100.0,55.169438,23.881275
666,Lithuania,Samogitian,0.0,0.0,,,55.169438,23.881275
667,Luxembourg,French,550.0,87.0,100.0,100.0,49.815273,6.129583
668,Luxembourg,Luxembourgish,420.0,67.0,100.0,5.0,49.815273,6.129583
669,Luxembourg,German,400.0,63.0,100.0,100.0,49.815273,6.129583
670,Luxembourg,English,350.0,56.0,100.0,100.0,49.815273,6.129583
671,Luxembourg,Portuguese,100.0,16.0,100.0,100.0,49.815273,6.129583
672,Madagascar,Malagasy,24000000.0,90.0,64.0,64.0,-18.766947,46.869107
673,Madagascar,French,19000000.0,69.0,64.0,64.0,-18.766947,46.869107
674,Madagascar,English,4900000.0,18.0,64.0,64.0,-18.766947,46.869107
675,Malawi,English,13000000.0,63.0,75.0,75.0,-13.254308,34.301525
676,Malawi,Nyanja,13000000.0,63.0,75.0,75.0,-13.254308,34.301525
677,Malawi,Tumbuka,1800000.0,8.4,75.0,75.0,-13.254308,34.301525
678,Malawi,Nyasa Tonga,210.0,0.98,75.0,75.0,-13.254308,34.301525
679,Malawi,Zulu,70.0,0.33,75.0,75.0,-13.254308,34.301525
680,Malaysia,Malay,24000000.0,75.0,93.0,93.0,4.210484,101.975766
681,Malaysia,English,6900000.0,21.0,93.0,93.0,4.210484,101.975766
682,Malaysia,Chinese,5600000.0,17.0,93.0,93.0,4.210484,101.975766
683,Malaysia,Tamil,1400000.0,4.2,93.0,93.0,4.210484,101.975766
684,Malaysia,Iban,820.0,2.5,93.0,93.0,4.210484,101.975766
685,Malaysia,Javanese,390.0,1.2,93.0,93.0,4.210484,101.975766
686,Malaysia,Negeri Sembilan Malay,390.0,1.2,93.0,93.0,4.210484,101.975766
687,Malaysia,Central Dusun,180.0,0.56,93.0,93.0,4.210484,101.975766
688,Malaysia,Malayalam,49.0,0.15,93.0,93.0,4.210484,101.975766
689,Malaysia,Buginese,26.0,79.0,93.0,93.0,4.210484,101.975766
690,Malaysia,Banjar,49.0,15.0,93.0,93.0,4.210484,101.975766
691,Maldives,Divehi,370.0,94.0,98.0,98.0,3.202778,73.22068
692,Mali,Bambara,9000000.0,46.0,33.0,33.0,17.570692,-3.996166
693,Mali,French,9000000.0,46.0,33.0,33.0,17.570692,-3.996166
694,Mali,Maasina Fulfulde,1500000.0,7.7,33.0,33.0,17.570692,-3.996166
695,Mali,Soninke,1200000.0,5.9,33.0,33.0,17.570692,-3.996166
696,Mali,Kita Maninkakan,980.0,5.0,33.0,33.0,17.570692,-3.996166
697,Mali,Koyraboro Senni,660.0,3.4,33.0,33.0,17.570692,-3.996166
698,Mali,Tamashek,410.0,2.1,33.0,33.0,17.570692,-3.996166
699,Mali,Bambara (N’Ko),390.0,2.0,33.0,33.0,17.570692,-3.996166
700,Mali,Koyra Chiini,330.0,1.7,33.0,33.0,17.570692,-3.996166
701,Mali,Tomo Kan Dogon,220.0,1.1,33.0,33.0,17.570692,-3.996166
702,Mali,Xaasongaxango,200.0,1.0,33.0,33.0,17.570692,-3.996166
703,Mali,Arabic,180.0,0.9,33.0,33.0,17.570692,-3.996166
704,Mali,Bomu,170.0,0.86,33.0,33.0,17.570692,-3.996166
705,Mali,Jenaama Bozo,170.0,0.85,33.0,33.0,17.570692,-3.996166
706,Malta,Maltese,460.0,100.0,92.0,92.0,35.937496,14.375416
707,Malta,English,400.0,88.0,92.0,92.0,35.937496,14.375416
708,Malta,Italian,260.0,56.0,92.0,92.0,35.937496,14.375416
709,Malta,French,50.0,11.0,92.0,92.0,35.937496,14.375416
710,Marshall Islands,English,72.0,93.0,94.0,94.0,7.131474,171.184478
711,Marshall Islands,Marshallese,57.0,73.0,94.0,94.0,7.131474,171.184478
712,Martinique,French,430.0,98.0,98.0,98.0,14.641528,-61.024174
713,Mauritania,Arabic,3400000.0,85.0,59.0,59.0,21.00789,-10.940835
714,Mauritania,French,680.0,17.0,59.0,59.0,21.00789,-10.940835
715,Mauritania,Fulah,230.0,5.7,59.0,59.0,21.00789,-10.940835
716,Mauritania,Wolof,10.0,0.25,59.0,59.0,21.00789,-10.940835
717,Mauritania,Fulah (Adlam),0.0,0.0,,,21.00789,-10.940835
718,Mauritius,Morisyen,1200000.0,90.0,89.0,89.0,-20.348404,57.552152
719,Mauritius,English,990.0,72.0,89.0,89.0,-20.348404,57.552152
720,Mauritius,Bhojpuri,370.0,27.0,89.0,89.0,-20.348404,57.552152
721,Mauritius,Urdu,72.0,5.2,89.0,89.0,-20.348404,57.552152
722,Mauritius,French,41.0,3.0,89.0,89.0,-20.348404,57.552152
723,Mauritius,Tamil,34.0,2.5,89.0,89.0,-20.348404,57.552152
724,Mayotte,Comorian,170.0,88.0,92.0,92.0,-12.8275,45.166244
725,Mayotte,French,110.0,57.0,92.0,92.0,-12.8275,45.166244
726,Mayotte,Bushi,45.0,23.0,92.0,92.0,-12.8275,45.166244
727,Mayotte,Swahili,27.0,1.4,92.0,92.0,-12.8275,45.166244
728,Mexico,Spanish,110000000.0,83.0,94.0,94.0,23.634501,-102.552784
729,Mexico,English,17000000.0,13.0,94.0,94.0,23.634501,-102.552784
730,Mexico,Yucateco,860.0,0.67,94.0,94.0,23.634501,-102.552784
731,Mexico,Eastern Huasteca Nahuatl,500.0,0.39,94.0,94.0,23.634501,-102.552784
732,Mexico,Western Huasteca Nahuatl,500.0,0.39,94.0,94.0,23.634501,-102.552784
733,Mexico,Central Mazahua,440.0,0.34,94.0,94.0,23.634501,-102.552784
734,Mexico,Central Huasteca Nahuatl,240.0,0.19,94.0,94.0,23.634501,-102.552784
735,Mexico,Seri,900.0,70.0,94.0,94.0,23.634501,-102.552784
736,Micronesia,English,58.0,57.0,89.0,89.0,7.425554,150.550812
737,Micronesia,Chuukese,31.0,30.0,89.0,89.0,7.425554,150.550812
738,Micronesia,Pohnpeian,24.0,23.0,89.0,89.0,7.425554,150.550812
739,Micronesia,Kosraean,8.0,7.8,89.0,89.0,7.425554,150.550812
740,Micronesia,Yapese,66.0,6.4,89.0,89.0,7.425554,150.550812
741,Micronesia,Ulithian,3.0,2.9,89.0,89.0,7.425554,150.550812
742,Moldova,Romanian,2100000.0,63.0,99.0,99.0,47.411631,28.369885
743,Moldova,Ukrainian,470.0,14.0,99.0,99.0,47.411631,28.369885
744,Moldova,Bulgarian,320.0,9.4,99.0,99.0,47.411631,28.369885
745,Moldova,Gagauz,110.0,3.3,99.0,99.0,47.411631,28.369885
746,Moldova,Russian,100.0,3.0,99.0,99.0,47.411631,28.369885
747,Monaco,French,39.0,99.0,99.0,99.0,43.750298,7.412841
748,Mongolia,Mongolian,2900000.0,93.0,97.0,97.0,46.862496,103.846656
749,Mongolia,Kazakh (Arabic),230.0,7.2,97.0,97.0,46.862496,103.846656
750,Mongolia,Chinese,44.0,1.4,97.0,97.0,46.862496,103.846656
751,Mongolia,Russian,41.0,0.13,97.0,97.0,46.862496,103.846656
752,Mongolia,Uyghur (Cyrillic),1.0,32.0,97.0,97.0,46.862496,103.846656
753,Montenegro,Serbian (Latin),610.0,100.0,98.0,98.0,42.708678,19.37439
754,Montenegro,Albanian,48.0,7.9,98.0,98.0,42.708678,19.37439
755,Montenegro,Serbian,30.0,5.0,98.0,98.0,42.708678,19.37439
756,Montserrat,English,35.0,65.0,97.0,97.0,16.742498,-62.187366
757,Morocco,Moroccan Arabic,31000000.0,87.0,67.0,67.0,31.791702,-7.09262
758,Morocco,Arabic,22000000.0,62.0,67.0,67.0,31.791702,-7.09262
759,Morocco,Standard Moroccan Tamazight,7800000.0,22.0,67.0,67.0,31.791702,-7.09262
760,Morocco,French,7100000.0,20.0,67.0,67.0,31.791702,-7.09262
761,Morocco,English,5000000.0,14.0,67.0,67.0,31.791702,-7.09262
762,Morocco,Central Atlas Tamazight,3500000.0,9.8,25.0,25.0,31.791702,-7.09262
763,Morocco,Tachelhit,3100000.0,8.7,67.0,67.0,31.791702,-7.09262
764,Morocco,Tachelhit (Latin),3100000.0,8.7,67.0,67.0,31.791702,-7.09262
765,Morocco,Riffian,1700000.0,4.9,67.0,5.0,31.791702,-7.09262
766,Morocco,Riffian (Latin),1700000.0,4.9,67.0,5.0,31.791702,-7.09262
767,Morocco,Spanish,23.0,65.0,67.0,67.0,31.791702,-7.09262
768,Mozambique,Portuguese,8100000.0,27.0,56.0,56.0,-18.665695,35.529562
769,Mozambique,Makhuwa,3900000.0,13.0,56.0,56.0,-18.665695,35.529562
770,Mozambique,Ndau,3000000.0,9.9,56.0,56.0,-18.665695,35.529562
771,Mozambique,Tsonga,2400000.0,7.9,56.0,56.0,-18.665695,35.529562
772,Mozambique,Lomwe,2000000.0,6.8,56.0,56.0,-18.665695,35.529562
773,Mozambique,Sena,1400000.0,4.6,56.0,56.0,-18.665695,35.529562
774,Mozambique,Makhuwa-Meetto,1400000.0,4.5,56.0,56.0,-18.665695,35.529562
775,Mozambique,Ronga,1000000.0,3.4,56.0,56.0,-18.665695,35.529562
776,Mozambique,Nyanja,780.0,2.6,56.0,56.0,-18.665695,35.529562
777,Mozambique,Yao,720.0,2.4,56.0,56.0,-18.665695,35.529562
778,Mozambique,Swahili,93.0,31.0,56.0,56.0,-18.665695,35.529562
779,Mozambique,Zulu,18.0,60.0,56.0,56.0,-18.665695,35.529562
780,Namibia,Afrikaans,2000000.0,75.0,89.0,89.0,-22.95764,18.49041
781,Namibia,Kuanyama,920.0,35.0,89.0,89.0,-22.95764,18.49041
782,Namibia,Ndonga,550.0,21.0,89.0,89.0,-22.95764,18.49041
783,Namibia,Nama,290.0,11.0,89.0,89.0,-22.95764,18.49041
784,Namibia,Herero,240.0,9.1,89.0,89.0,-22.95764,18.49041
785,Namibia,English,180.0,7.0,89.0,89.0,-22.95764,18.49041
786,Namibia,German,24.0,0.9,89.0,89.0,-22.95764,18.49041
787,Namibia,Tswana,15.0,0.56,89.0,89.0,-22.95764,18.49041
788,Nauru,English,94.0,85.0,99.0,99.0,-0.522778,166.931503
789,Nauru,Nauru,69.0,63.0,99.0,99.0,-0.522778,166.931503
790,Nepal,Nepali,13000000.0,44.0,57.0,57.0,28.394857,84.124008
791,Nepal,Maithili,3300000.0,11.0,57.0,57.0,28.394857,84.124008
792,Nepal,Bhojpuri,2100000.0,6.8,57.0,57.0,28.394857,84.124008
793,Nepal,Newari,1000000.0,3.3,57.0,57.0,28.394857,84.124008
794,Nepal,Jumli,970.0,3.2,57.0,57.0,28.394857,84.124008
795,Nepal,English,910.0,3.0,57.0,57.0,28.394857,84.124008
796,Nepal,Dotyali,760.0,2.5,57.0,57.0,28.394857,84.124008
797,Nepal,Awadhi,670.0,2.2,57.0,57.0,28.394857,84.124008
798,Nepal,Dangaura Tharu,610.0,2.0,57.0,57.0,28.394857,84.124008
799,Nepal,Bantawa,450.0,1.5,57.0,57.0,28.394857,84.124008
800,Nepal,Western Tamang,390.0,1.3,57.0,57.0,28.394857,84.124008
801,Nepal,Rana Tharu,360.0,1.2,57.0,57.0,28.394857,84.124008
802,Nepal,Limbu,330.0,1.1,57.0,57.0,28.394857,84.124008
803,Nepal,Eastern Magar,330.0,1.1,57.0,57.0,28.394857,84.124008
804,Nepal,Kochila Tharu,300.0,1.0,57.0,57.0,28.394857,84.124008
805,Nepal,Western Magar,250.0,0.83,57.0,57.0,28.394857,84.124008
806,Nepal,Bagheli,160.0,0.54,57.0,57.0,28.394857,84.124008
807,Nepal,Sherpa,160.0,0.52,57.0,57.0,28.394857,84.124008
808,Nepal,Rajbanshi,130.0,0.44,67.0,67.0,28.394857,84.124008
809,Nepal,Eastern Tamang,130.0,0.43,57.0,57.0,28.394857,84.124008
810,Nepal,Hindi,130.0,0.42,57.0,57.0,28.394857,84.124008
811,Nepal,Gurung,88.0,0.29,57.0,57.0,28.394857,84.124008
812,Nepal,Tibetan,73.0,0.24,57.0,57.0,28.394857,84.124008
813,Nepal,Kathoriya Tharu,73.0,0.24,57.0,57.0,28.394857,84.124008
814,Nepal,Thulung,36.0,0.12,57.0,57.0,28.394857,84.124008
815,Nepal,Bangla,29.0,94.0,57.0,57.0,28.394857,84.124008
816,Nepal,Mundari (Devanagari),58.0,19.0,57.0,57.0,28.394857,84.124008
817,Nepal,Lepcha,28.0,93.0,57.0,57.0,28.394857,84.124008
818,Netherlands,Dutch,17000000.0,100.0,99.0,99.0,52.132633,5.291266
819,Netherlands,English,16000000.0,90.0,99.0,99.0,52.132633,5.291266
820,Netherlands,German,12000000.0,71.0,99.0,5.0,52.132633,5.291266
821,Netherlands,French,5000000.0,29.0,99.0,99.0,52.132633,5.291266
822,Netherlands,Low German,1900000.0,11.0,99.0,5.0,52.132633,5.291266
823,Netherlands,Limburgish,950.0,5.5,99.0,5.0,52.132633,5.291266
824,Netherlands,Western Frisian,740.0,4.3,99.0,99.0,52.132633,5.291266
825,Netherlands,Gronings,620.0,3.6,99.0,5.0,52.132633,5.291266
826,Netherlands,Indonesian,310.0,1.8,99.0,99.0,52.132633,5.291266
827,Netherlands,Zeelandic,240.0,1.4,99.0,99.0,52.132633,5.291266
828,Netherlands,Riffian (Latin),210.0,1.2,99.0,99.0,52.132633,5.291266
829,Netherlands,Turkish,210.0,1.2,99.0,99.0,52.132633,5.291266
830,New Caledonia,French,280.0,96.0,96.0,96.0,-20.904305,165.618042
831,New Zealand,English,4800000.0,98.0,99.0,99.0,-40.900557,174.885971
832,New Zealand,Maori,140.0,2.8,99.0,99.0,-40.900557,174.885971
833,Nicaragua,Spanish,4800000.0,78.0,78.0,78.0,12.865416,-85.207229
834,Niger,Hausa,9300000.0,41.0,29.0,29.0,17.607789,8.081666
835,Niger,French,6600000.0,29.0,29.0,29.0,17.607789,8.081666
836,Niger,Zarma,3900000.0,17.0,29.0,29.0,17.607789,8.081666
837,Niger,Central-Eastern Niger Fulfulde,1600000.0,7.0,29.0,29.0,17.607789,8.081666
838,Niger,Tamashek,1400000.0,6.0,29.0,29.0,17.607789,8.081666
839,Niger,Arabic,48.0,0.21,29.0,29.0,17.607789,8.081666
840,Niger,Tasawaq,8.0,35.0,29.0,29.0,17.607789,8.081666
841,Niger,Fulah,0.0,0.0,,,17.607789,8.081666
842,Niger,Fulah (Adlam),0.0,0.0,,,17.607789,8.081666
843,Nigeria,English,110000000.0,53.0,61.0,61.0,9.081999,8.675277
844,Nigeria,Nigerian Pidgin,45000000.0,21.0,61.0,61.0,9.081999,8.675277
845,Nigeria,Hausa,28000000.0,13.0,61.0,61.0,9.081999,8.675277
846,Nigeria,Igbo,28000000.0,13.0,61.0,61.0,9.081999,8.675277
847,Nigeria,Yoruba,28000000.0,13.0,61.0,61.0,9.081999,8.675277
848,Nigeria,Nigerian Fulfulde,14000000.0,6.7,20.0,20.0,9.081999,8.675277
849,Nigeria,Tiv,3400000.0,1.6,25.0,25.0,9.081999,8.675277
850,Nigeria,Efik,3000000.0,1.4,61.0,61.0,9.081999,8.675277
851,Nigeria,Ibibio,3000000.0,1.4,61.0,61.0,9.081999,8.675277
852,Nigeria,Hausa (Arabic),2100000.0,1.0,61.0,61.0,9.081999,8.675277
853,Nigeria,Bini,1500000.0,0.71,61.0,61.0,9.081999,8.675277
854,Nigeria,Jju,450.0,0.21,61.0,61.0,9.081999,8.675277
855,Nigeria,Tyap,200.0,93.0,61.0,61.0,9.081999,8.675277
856,Nigeria,Arabic,150.0,71.0,61.0,61.0,9.081999,8.675277
857,Nigeria,Atsam,45.0,21.0,61.0,61.0,9.081999,8.675277
858,Nigeria,Amo,19.0,87.0,61.0,61.0,9.081999,8.675277
859,Nigeria,Fulah,0.0,0.0,,,9.081999,8.675277
860,Nigeria,Fulah (Adlam),0.0,0.0,,,9.081999,8.675277
861,Niue,English,11.0,56.0,95.0,95.0,-19.054445,-169.867233
862,Niue,Niuean,11.0,56.0,95.0,95.0,-19.054445,-169.867233
863,Norfolk Island,English,17.0,96.0,99.0,99.0,-29.040835,167.954712
864,North Korea,Korean,23000000.0,88.0,100.0,100.0,40.339852,127.510093
865,Northern Mariana Islands,English,50.0,97.0,97.0,97.0,17.33083,145.38469
866,Northern Mariana Islands,Chamorro,93.0,18.0,97.0,97.0,17.33083,145.38469
867,Norway,Norwegian Bokmål,5500000.0,100.0,100.0,100.0,60.472024,8.468946
868,Norway,Norwegian Nynorsk,1400000.0,25.0,100.0,100.0,60.472024,8.468946
869,Norway,Northern Sami,16.0,0.29,100.0,100.0,60.472024,8.468946
870,Oman,Arabic,3800000.0,81.0,87.0,87.0,21.512583,55.923255
871,Oman,Baluchi,230.0,4.9,87.0,87.0,21.512583,55.923255
872,Oman,Persian,44.0,0.94,87.0,87.0,21.512583,55.923255
873,Pakistan,Urdu,220000000.0,95.0,55.0,55.0,30.375321,69.345116
874,Pakistan,Punjabi (Arabic),160000000.0,70.0,55.0,55.0,30.375321,69.345116
875,Pakistan,English,120000000.0,50.0,55.0,55.0,30.375321,69.345116
876,Pakistan,Lahnda,93000000.0,40.0,55.0,55.0,30.375321,69.345116
877,Pakistan,Pashto,35000000.0,15.0,55.0,55.0,30.375321,69.345116
878,Pakistan,Sindhi,28000000.0,12.0,55.0,55.0,30.375321,69.345116
879,Pakistan,Saraiki,21000000.0,9.1,1.0,1.0,30.375321,69.345116
880,Pakistan,Baluchi,8600000.0,3.7,55.0,55.0,30.375321,69.345116
881,Pakistan,Brahui,3000000.0,1.3,55.0,55.0,30.375321,69.345116
882,Pakistan,Northern Hindko,2800000.0,1.2,55.0,55.0,30.375321,69.345116
883,Pakistan,Persian,1500000.0,0.66,55.0,55.0,30.375321,69.345116
884,Pakistan,Western Balochi,1300000.0,0.57,55.0,5.0,30.375321,69.345116
885,Pakistan,Southern Hindko,960.0,0.41,55.0,55.0,30.375321,69.345116
886,Pakistan,Tajik (Arabic),770.0,0.33,55.0,55.0,30.375321,69.345116
887,Pakistan,Gujari,470.0,0.2,55.0,55.0,30.375321,69.345116
888,Pakistan,Balti,420.0,0.18,55.0,55.0,30.375321,69.345116
889,Pakistan,Parkari Koli,370.0,0.16,55.0,55.0,30.375321,69.345116
890,Pakistan,Khowar,350.0,0.15,55.0,55.0,30.375321,69.345116
891,Pakistan,Indus Kohistani,330.0,0.14,55.0,55.0,30.375321,69.345116
892,Pakistan,Kachi Koli,260.0,0.11,55.0,55.0,30.375321,69.345116
893,Pakistan,Wadiyara Koli,260.0,0.11,55.0,55.0,30.375321,69.345116
894,Pakistan,Kashmiri,160.0,69.0,55.0,55.0,30.375321,69.345116
895,Pakistan,Torwali,120.0,53.0,55.0,55.0,30.375321,69.345116
896,Pakistan,Bateri,44.0,19.0,55.0,55.0,30.375321,69.345116
897,Palau,Palauan,16.0,74.0,92.0,92.0,7.51498,134.58252
898,Palau,English,19.0,8.7,92.0,92.0,7.51498,134.58252
899,Palestinian Territories,Arabic,4800000.0,100.0,95.0,95.0,31.952162,35.233154
900,Panama,Spanish,2700000.0,69.0,94.0,94.0,8.537981,-80.782127
901,Panama,English,550.0,14.0,94.0,94.0,8.537981,-80.782127
902,Panama,Traditional Chinese,58.0,0.15,94.0,94.0,8.537981,-80.782127
903,Papua New Guinea,Tok Pisin,5200000.0,71.0,45.0,45.0,-6.314993,143.95555
904,Papua New Guinea,English,3600000.0,50.0,62.0,62.0,-6.314993,143.95555
905,Papua New Guinea,Hiri Motu,150.0,2.1,62.0,5.0,-6.314993,143.95555
906,Paraguay,Guarani,5800000.0,80.0,94.0,94.0,-23.442503,-58.443832
907,Paraguay,Spanish,230.0,3.2,94.0,94.0,-23.442503,-58.443832
908,Paraguay,German,210.0,2.9,94.0,94.0,-23.442503,-58.443832
909,Peru,Spanish,23000000.0,73.0,90.0,90.0,-9.189967,-75.015152
910,Peru,Quechua,4800000.0,15.0,90.0,90.0,-9.189967,-75.015152
911,Peru,Aymara,510.0,1.6,90.0,90.0,-9.189967,-75.015152
912,Philippines,English,70000000.0,64.0,95.0,95.0,12.879721,121.774017
913,Philippines,Filipino,66000000.0,60.0,95.0,95.0,12.879721,121.774017
914,Philippines,Spanish,34000000.0,31.0,95.0,95.0,12.879721,121.774017
915,Philippines,Cebuano,26000000.0,24.0,13.0,13.0,12.879721,121.774017
916,Philippines,Iloko,10000000.0,9.6,10.0,10.0,12.879721,121.774017
917,Philippines,Hiligaynon,9200000.0,8.4,8.0,8.0,12.879721,121.774017
918,Philippines,Bikol,3300000.0,3.0,95.0,95.0,12.879721,121.774017
919,Philippines,Waray,3200000.0,2.9,95.0,95.0,12.879721,121.774017
920,Philippines,West Albay Bikol,2500000.0,2.3,95.0,95.0,12.879721,121.774017
921,Philippines,Pampanga,2500000.0,2.3,95.0,95.0,12.879721,121.774017
922,Philippines,Pangasinan,1500000.0,1.4,95.0,95.0,12.879721,121.774017
923,Philippines,Maguindanaon,1300000.0,1.2,95.0,95.0,12.879721,121.774017
924,Philippines,Tausug,1200000.0,1.1,95.0,95.0,12.879721,121.774017
925,Philippines,Traditional Chinese,800.0,0.73,95.0,95.0,12.879721,121.774017
926,Philippines,Capiznon,720.0,0.66,95.0,95.0,12.879721,121.774017
927,Philippines,Kinaray-a,430.0,0.39,95.0,95.0,12.879721,121.774017
928,Philippines,Rinconada Bikol,310.0,0.28,95.0,95.0,12.879721,121.774017
929,Philippines,Hanunoo,17.0,16.0,95.0,95.0,12.879721,121.774017
930,Philippines,Tagbanwa,10.0,92.0,36.0,36.0,12.879721,121.774017
931,Philippines,Buhid,8.0,73.0,95.0,95.0,12.879721,121.774017
932,Pitcairn Islands,English,46.0,92.0,99.0,99.0,-24.703615,-127.439308
933,Poland,Polish,37000000.0,96.0,100.0,100.0,51.919438,19.145136
934,Poland,English,13000000.0,33.0,100.0,100.0,51.919438,19.145136
935,Poland,German,7300000.0,19.0,100.0,100.0,51.919438,19.145136
936,Poland,Russian,6900000.0,18.0,100.0,100.0,51.919438,19.145136
937,Poland,Silesian,500.0,1.3,100.0,100.0,51.919438,19.145136
938,Poland,Belarusian,220.0,0.58,100.0,100.0,51.919438,19.145136
939,Poland,Ukrainian,150.0,0.39,100.0,100.0,51.919438,19.145136
940,Poland,Kashubian,50.0,0.13,100.0,100.0,51.919438,19.145136
941,Poland,Lower Silesian,12.0,31.0,100.0,100.0,51.919438,19.145136
942,Poland,Lithuanian,8.0,21.0,100.0,100.0,51.919438,19.145136
943,Portugal,Portuguese,9900000.0,96.0,95.0,95.0,39.399872,-8.224454
944,Portugal,English,2800000.0,27.0,95.0,95.0,39.399872,-8.224454
945,Portugal,French,1500000.0,15.0,95.0,95.0,39.399872,-8.224454
946,Portugal,Spanish,1000000.0,10.0,95.0,95.0,39.399872,-8.224454
947,Portugal,Galician,14.0,0.14,95.0,95.0,39.399872,-8.224454
948,Puerto Rico,Spanish,2800000.0,87.0,90.0,90.0,18.220833,-66.590149
949,Puerto Rico,English,1600000.0,49.0,90.0,90.0,18.220833,-66.590149
950,Qatar,Arabic,2200000.0,89.0,96.0,96.0,25.354826,51.183884
951,Qatar,Persian,270.0,11.0,96.0,96.0,25.354826,51.183884
952,Qatar,Malayalam,66.0,0.27,96.0,96.0,25.354826,51.183884
953,Réunion,French,700.0,89.0,88.0,88.0,-21.115141,55.536384
954,Réunion,Réunion Creole French,560.0,71.0,88.0,88.0,-21.115141,55.536384
955,Réunion,Tamil,120.0,15.0,88.0,88.0,-21.115141,55.536384
956,Romania,Romanian,19000000.0,90.0,98.0,98.0,45.943161,24.96676
957,Romania,English,6600000.0,31.0,98.0,98.0,45.943161,24.96676
958,Romania,French,3600000.0,17.0,98.0,98.0,45.943161,24.96676
959,Romania,Spanish,2100000.0,10.0,98.0,98.0,45.943161,24.96676
960,Romania,Hungarian,1400000.0,6.6,98.0,98.0,45.943161,24.96676
961,Romania,German,45.0,0.21,98.0,98.0,45.943161,24.96676
962,Romania,Turkish,28.0,0.13,98.0,98.0,45.943161,24.96676
963,Romania,Serbian (Latin),26.0,0.12,98.0,98.0,45.943161,24.96676
964,Romania,Bulgarian,68.0,32.0,98.0,98.0,45.943161,24.96676
965,Romania,Greek,4.0,19.0,98.0,98.0,45.943161,24.96676
966,Romania,Polish,28.0,13.0,98.0,98.0,45.943161,24.96676
967,Russia,Russian,130000000.0,94.0,100.0,100.0,61.52401,105.318756
968,Russia,Tatar,2000000.0,1.4,100.0,100.0,61.52401,105.318756
969,Russia,Bashkir,1800000.0,1.3,100.0,100.0,61.52401,105.318756
970,Russia,Chuvash,1800000.0,1.3,100.0,100.0,61.52401,105.318756
971,Russia,Armenian,1200000.0,0.84,50.0,50.0,61.52401,105.318756
972,Russia,Chechen,940.0,0.66,100.0,100.0,61.52401,105.318756
973,Russia,Avaric,550.0,0.39,100.0,100.0,61.52401,105.318756
974,Russia,Udmurt,540.0,0.38,100.0,100.0,61.52401,105.318756
975,Russia,Mari,520.0,0.37,100.0,100.0,61.52401,105.318756
976,Russia,Ossetic,450.0,0.32,100.0,100.0,61.52401,105.318756
977,Russia,Sakha,450.0,0.32,100.0,100.0,61.52401,105.318756
978,Russia,Kabardian,440.0,0.31,100.0,100.0,61.52401,105.318756
979,Russia,Erzya,440.0,0.31,100.0,100.0,61.52401,105.318756
980,Russia,Dargwa,370.0,0.26,100.0,100.0,61.52401,105.318756
981,Russia,Buriat,310.0,0.22,100.0,100.0,61.52401,105.318756
982,Russia,Moksha,300.0,0.21,100.0,100.0,61.52401,105.318756
983,Russia,Kumyk,280.0,0.2,100.0,100.0,61.52401,105.318756
984,Russia,Komi,260.0,0.18,100.0,100.0,61.52401,105.318756
985,Russia,Lezghian,260.0,0.18,100.0,100.0,61.52401,105.318756
986,Russia,Karachay-Balkar,240.0,0.17,100.0,100.0,61.52401,105.318756
987,Russia,Ingush,230.0,0.16,100.0,100.0,61.52401,105.318756
988,Russia,Tuvinian,180.0,0.13,100.0,100.0,61.52401,105.318756
989,Russia,Azerbaijani (Cyrillic),130.0,93.0,100.0,100.0,61.52401,105.318756
990,Russia,Adyghe,120.0,88.0,100.0,100.0,61.52401,105.318756
991,Russia,Karelian,120.0,82.0,100.0,100.0,61.52401,105.318756
992,Russia,Lak,110.0,78.0,100.0,100.0,61.52401,105.318756
993,Russia,Komi-Permyak,64.0,45.0,100.0,100.0,61.52401,105.318756
994,Russia,Western Mari,30.0,21.0,100.0,100.0,61.52401,105.318756
995,Russia,Southern Altai,20.0,14.0,100.0,100.0,61.52401,105.318756
996,Russia,Finnish,17.0,12.0,100.0,100.0,61.52401,105.318756
997,Russia,Serbian (Latin),5.0,35.0,100.0,100.0,61.52401,105.318756
998,Russia,Veps,35.0,25.0,100.0,100.0,61.52401,105.318756
999,Russia,Mongolian,21.0,15.0,100.0,100.0,61.52401,105.318756
1000,Russia,Ingrian,140.0,10.0,100.0,100.0,61.52401,105.318756
1001,Russia,Church Slavic,0.0,0.0,,,61.52401,105.318756
1002,Russia,Votic,0.0,0.0,,,61.52401,105.318756
1003,Rwanda,Kinyarwanda,9800000.0,77.0,71.0,71.0,-1.940278,29.873888
1004,Rwanda,English,1900000.0,15.0,71.0,71.0,-1.940278,29.873888
1005,Rwanda,French,23.0,18.0,71.0,71.0,-1.940278,29.873888
1006,Samoa,Samoan,200.0,100.0,99.0,99.0,-13.759029,-172.104629
1007,Samoa,English,43.0,2.1,99.0,99.0,-13.759029,-172.104629
1008,San Marino,Italian,30.0,89.0,96.0,96.0,43.94236,12.457777
1009,San Marino,Esperanto,300.0,0.88,96.0,96.0,43.94236,12.457777
1010,Saudi Arabia,Arabic,34000000.0,100.0,87.0,87.0,23.885942,45.079162
1011,Saudi Arabia,Najdi Arabic,1000000.0,3.0,87.0,5.0,23.885942,45.079162
1012,Senegal,Wolof,11000000.0,70.0,50.0,50.0,14.497401,-14.452362
1013,Senegal,French,6100000.0,39.0,100.0,100.0,14.497401,-14.452362
1014,Senegal,Fulah,3300000.0,21.0,50.0,50.0,14.497401,-14.452362
1015,Senegal,Serer,1700000.0,11.0,50.0,50.0,14.497401,-14.452362
1016,Senegal,Jola-Fonyi,410.0,2.6,10.0,10.0,14.497401,-14.452362
1017,Senegal,Saafi-Saafi,240.0,1.5,50.0,50.0,14.497401,-14.452362
1018,Senegal,Mandjak,120.0,0.77,10.0,10.0,14.497401,-14.452362
1019,Senegal,Balanta-Ganja,96.0,0.61,100.0,100.0,14.497401,-14.452362
1020,Senegal,Noon,38.0,0.24,10.0,10.0,14.497401,-14.452362
1021,Senegal,Mankanya,33.0,0.21,10.0,10.0,14.497401,-14.452362
1022,Senegal,Bassari,15.0,97.0,10.0,10.0,14.497401,-14.452362
1023,Senegal,Hassaniyya,72.0,46.0,10.0,10.0,14.497401,-14.452362
1024,Senegal,Ménik,33.0,21.0,10.0,10.0,14.497401,-14.452362
1025,Senegal,Fulah (Adlam),0.0,0.0,,,14.497401,-14.452362
1026,Serbia,Serbian,6900000.0,99.0,98.0,98.0,44.016521,21.005859
1027,Serbia,Serbian (Latin),6900000.0,99.0,98.0,5.0,44.016521,21.005859
1028,Serbia,Albanian,1300000.0,19.0,98.0,98.0,44.016521,21.005859
1029,Serbia,Hungarian,340.0,4.8,98.0,98.0,44.016521,21.005859
1030,Serbia,Romanian,150.0,2.1,98.0,98.0,44.016521,21.005859
1031,Serbia,Croatian,65.0,0.93,98.0,98.0,44.016521,21.005859
1032,Serbia,Slovak,60.0,0.85,98.0,98.0,44.016521,21.005859
1033,Serbia,Ukrainian,0.0,0.0,,,44.016521,21.005859
1034,Seychelles,Seselwa Creole French,94.0,98.0,92.0,92.0,-4.679574,55.491977
1035,Seychelles,French,58.0,60.0,92.0,92.0,-4.679574,55.491977
1036,Seychelles,English,36.0,38.0,92.0,92.0,-4.679574,55.491977
1037,Sierra Leone,Krio,6300000.0,95.0,43.0,43.0,8.460555,-11.779889
1038,Sierra Leone,English,2300000.0,35.0,43.0,43.0,8.460555,-11.779889
1039,Sierra Leone,Mende,1800000.0,27.0,43.0,43.0,8.460555,-11.779889
1040,Sierra Leone,Timne,1700000.0,26.0,6.0,6.0,8.460555,-11.779889
1041,Sierra Leone,Fulah,0.0,0.0,,,8.460555,-11.779889
1042,Sierra Leone,Fulah (Adlam),0.0,0.0,,,8.460555,-11.779889
1043,Singapore,English,5800000.0,93.0,96.0,96.0,1.352083,103.819836
1044,Singapore,Chinese,4800000.0,77.0,96.0,96.0,1.352083,103.819836
1045,Singapore,Malay,870.0,14.0,96.0,96.0,1.352083,103.819836
1046,Singapore,Tamil,130.0,2.1,96.0,96.0,1.352083,103.819836
1047,Singapore,Malayalam,99.0,0.16,96.0,96.0,1.352083,103.819836
1048,Singapore,Punjabi,93.0,0.15,96.0,96.0,1.352083,103.819836
1049,Slovakia,Slovak,4900000.0,90.0,100.0,100.0,48.669026,19.699024
1050,Slovakia,Czech,2600000.0,47.0,100.0,100.0,48.669026,19.699024
1051,Slovakia,English,1400000.0,26.0,100.0,100.0,48.669026,19.699024
1052,Slovakia,German,1200000.0,22.0,100.0,100.0,48.669026,19.699024
1053,Slovakia,Hungarian,600.0,11.0,100.0,100.0,48.669026,19.699024
1054,Slovakia,Ukrainian,100.0,1.9,100.0,100.0,48.669026,19.699024
1055,Slovakia,Polish,51.0,0.93,100.0,100.0,48.669026,19.699024
1056,Slovenia,Slovenian,1800000.0,87.0,100.0,100.0,46.151241,14.995463
1057,Slovenia,Croatian,1300000.0,61.0,100.0,100.0,46.151241,14.995463
1058,Slovenia,English,1200000.0,59.0,100.0,100.0,46.151241,14.995463
1059,Slovenia,German,880.0,42.0,100.0,100.0,46.151241,14.995463
1060,Slovenia,Hungarian,93.0,0.44,100.0,100.0,46.151241,14.995463
1061,Slovenia,Italian,4.0,0.19,100.0,100.0,46.151241,14.995463
1062,Solomon Islands,English,690.0,100.0,84.0,84.0,-9.64571,160.156194
1063,Solomon Islands,Roviana,96.0,1.4,84.0,84.0,-9.64571,160.156194
1064,Somalia,Somali,9200000.0,78.0,38.0,38.0,5.152149,46.199616
1065,Somalia,Arabic,4000000.0,34.0,99.0,99.0,5.152149,46.199616
1066,Somalia,Swahili,240.0,2.0,38.0,38.0,5.152149,46.199616
1067,Somalia,Oromo,49.0,0.42,38.0,38.0,5.152149,46.199616
1068,South Africa,English,18000000.0,31.0,99.0,99.0,-30.559482,22.937506
1069,South Africa,Zulu,14000000.0,24.0,50.0,50.0,-30.559482,22.937506
1070,South Africa,Xhosa,10000000.0,18.0,50.0,50.0,-30.559482,22.937506
1071,South Africa,Afrikaans,7300000.0,13.0,99.0,99.0,-30.559482,22.937506
1072,South Africa,Northern Sotho,5300000.0,9.4,50.0,50.0,-30.559482,22.937506
1073,South Africa,Tswana,4600000.0,8.2,50.0,50.0,-30.559482,22.937506
1074,South Africa,Southern Sotho,4500000.0,7.9,50.0,50.0,-30.559482,22.937506
1075,South Africa,Tsonga,2500000.0,4.4,50.0,50.0,-30.559482,22.937506
1076,South Africa,Swati,1500000.0,2.7,50.0,50.0,-30.559482,22.937506
1077,South Africa,Venda,1300000.0,2.3,50.0,50.0,-30.559482,22.937506
1078,South Africa,Hindi,1100000.0,2.0,69.0,69.0,-30.559482,22.937506
1079,South Africa,South Ndebele,900.0,1.6,50.0,50.0,-30.559482,22.937506
1080,South Africa,Swahili,1.0,18.0,50.0,50.0,-30.559482,22.937506
1081,South Korea,Korean,52000000.0,100.0,98.0,98.0,35.907757,127.766922
1082,Spain,Spanish,50000000.0,99.0,98.0,98.0,40.463667,-3.74922
1083,Spain,English,12000000.0,24.0,98.0,98.0,40.463667,-3.74922
1084,Spain,Catalan,8500000.0,17.0,98.0,98.0,40.463667,-3.74922
1085,Spain,Galician,3500000.0,7.0,98.0,98.0,40.463667,-3.74922
1086,Spain,Basque,1000000.0,2.0,98.0,98.0,40.463667,-3.74922
1087,Spain,Asturian,650.0,1.3,98.0,98.0,40.463667,-3.74922
1088,Spain,Extremaduran,250.0,0.49,98.0,98.0,40.463667,-3.74922
1089,Spain,Aragonese,26.0,52.0,98.0,98.0,40.463667,-3.74922
1090,Sri Lanka,Sinhala,16000000.0,68.0,91.0,91.0,7.873054,80.771797
1091,Sri Lanka,Tamil,3400000.0,15.0,91.0,91.0,7.873054,80.771797
1092,Sri Lanka,English,2300000.0,10.0,91.0,91.0,7.873054,80.771797
1093,Sudan,Arabic,28000000.0,61.0,72.0,72.0,12.862807,30.217636
1094,Sudan,English,28000000.0,61.0,72.0,72.0,12.862807,30.217636
1095,Sudan,Beja,2500000.0,5.4,72.0,72.0,12.862807,30.217636
1096,Sudan,Fur,1200000.0,2.7,72.0,72.0,12.862807,30.217636
1097,Sudan,Hausa (Arabic),820.0,1.8,72.0,72.0,12.862807,30.217636
1098,Sudan,Masalit,450.0,0.99,72.0,72.0,12.862807,30.217636
1099,Sudan,Nobiin,380.0,0.83,72.0,72.0,12.862807,30.217636
1100,Sudan,Zaghawa,230.0,0.51,72.0,72.0,12.862807,30.217636
1101,Suriname,Dutch,550.0,90.0,95.0,95.0,3.919305,-56.027783
1102,Suriname,Sranan Tongo,410.0,68.0,75.0,75.0,3.919305,-56.027783
1103,Suriname,Traditional Chinese,67.0,1.1,95.0,95.0,3.919305,-56.027783
1104,Sweden,Swedish,9700000.0,95.0,99.0,99.0,60.128161,18.643501
1105,Sweden,English,8800000.0,86.0,99.0,99.0,60.128161,18.643501
1106,Sweden,Finnish,220.0,2.2,99.0,99.0,60.128161,18.643501
1107,Sweden,Tornedalen Finnish,56.0,0.55,99.0,99.0,60.128161,18.643501
1108,Sweden,Northern Sami,34.0,0.33,99.0,99.0,60.128161,18.643501
1109,Sweden,Tavringer Romani,95.0,93.0,99.0,99.0,60.128161,18.643501
1110,Sweden,Yiddish,3.0,29.0,99.0,99.0,60.128161,18.643501
1111,Sweden,Lule Sami,15.0,15.0,99.0,99.0,60.128161,18.643501
1112,Sweden,Southern Sami,300.0,29.0,75.0,75.0,60.128161,18.643501
1113,Sweden,Interlingua,0.0,0.0,,,60.128161,18.643501
1114,Switzerland,German,6100000.0,73.0,99.0,99.0,46.818188,8.227512
1115,Switzerland,Swiss German,5500000.0,65.0,99.0,5.0,46.818188,8.227512
1116,Switzerland,English,5100000.0,61.0,99.0,99.0,46.818188,8.227512
1117,Switzerland,French,1800000.0,21.0,99.0,99.0,46.818188,8.227512
1118,Switzerland,Italian,360.0,4.3,99.0,99.0,46.818188,8.227512
1119,Switzerland,Lombard,340.0,4.1,99.0,5.0,46.818188,8.227512
1120,Switzerland,Portuguese,290.0,3.4,99.0,99.0,46.818188,8.227512
1121,Switzerland,Romansh,42.0,0.5,99.0,99.0,46.818188,8.227512
1122,Switzerland,Sinte Romani,24.0,0.29,99.0,99.0,46.818188,8.227512
1123,Switzerland,Walser,10.0,0.12,99.0,99.0,46.818188,8.227512
1124,Syria,Arabic,16000000.0,80.0,84.0,84.0,34.802075,38.996815
1125,Syria,Kurdish,1600000.0,8.0,84.0,84.0,34.802075,38.996815
1126,Syria,French,1100000.0,5.9,84.0,84.0,34.802075,38.996815
1127,Syria,Armenian,350.0,1.8,84.0,84.0,34.802075,38.996815
1128,Syria,Syriac,16.0,84.0,84.0,5.0,34.802075,38.996815
1129,Taiwan,Traditional Chinese,22000000.0,95.0,96.0,96.0,23.69781,120.960515
1130,Taiwan,Taroko,47.0,20.0,96.0,96.0,23.69781,120.960515
1131,Tajikistan,Tajik,8900000.0,100.0,100.0,100.0,38.861034,71.276093
1132,Tajikistan,Russian,1100000.0,12.0,100.0,100.0,38.861034,71.276093
1133,Tajikistan,Persian,69.0,0.78,100.0,100.0,38.861034,71.276093
1134,Tajikistan,Arabic,980.0,11.0,100.0,100.0,38.861034,71.276093
1135,Tanzania,Swahili,53000000.0,90.0,68.0,68.0,-6.369028,34.888822
1136,Tanzania,English,40000000.0,69.0,68.0,68.0,-6.369028,34.888822
1137,Tanzania,Sukuma,5100000.0,8.7,68.0,68.0,-6.369028,34.888822
1138,Tanzania,Nyamwezi,1900000.0,3.3,68.0,68.0,-6.369028,34.888822
1139,Tanzania,Makonde,1500000.0,2.5,68.0,68.0,-6.369028,34.888822
1140,Tanzania,Bena,1000000.0,1.7,68.0,68.0,-6.369028,34.888822
1141,Tanzania,Shambala,1000000.0,1.7,68.0,68.0,-6.369028,34.888822
1142,Tanzania,Masai,880.0,1.5,50.0,50.0,-6.369028,34.888822
1143,Tanzania,Mbunga,820.0,1.4,68.0,68.0,-6.369028,34.888822
1144,Tanzania,Asu,700.0,1.2,68.0,68.0,-6.369028,34.888822
1145,Tanzania,Langi,510.0,0.87,68.0,68.0,-6.369028,34.888822
1146,Tanzania,Machame,430.0,0.74,68.0,68.0,-6.369028,34.888822
1147,Tanzania,Rombo,430.0,0.74,68.0,68.0,-6.369028,34.888822
1148,Tanzania,Vunjo,430.0,0.74,68.0,68.0,-6.369028,34.888822
1149,Tanzania,Rwa,130.0,0.22,68.0,68.0,-6.369028,34.888822
1150,Tanzania,Sangu,120.0,0.2,1.0,1.0,-6.369028,34.888822
1151,Thailand,Thai,55000000.0,80.0,93.0,93.0,15.870032,100.992541
1152,Thailand,English,19000000.0,27.0,94.0,94.0,15.870032,100.992541
1153,Thailand,Northeastern Thai,17000000.0,24.0,94.0,5.0,15.870032,100.992541
1154,Thailand,Northern Thai,6600000.0,9.6,93.0,5.0,15.870032,100.992541
1155,Thailand,Southern Thai,5500000.0,8.0,93.0,5.0,15.870032,100.992541
1156,Thailand,Pattani Malay,3400000.0,5.0,94.0,94.0,15.870032,100.992541
1157,Thailand,Traditional Chinese,1200000.0,1.8,94.0,94.0,15.870032,100.992541
1158,Thailand,Northern Khmer,1200000.0,1.7,94.0,94.0,15.870032,100.992541
1159,Thailand,Kuy,330.0,0.48,50.0,50.0,15.870032,100.992541
1160,Thailand,Mon,120.0,0.17,94.0,94.0,15.870032,100.992541
1161,Thailand,Shan,66.0,96.0,94.0,94.0,15.870032,100.992541
1162,Thailand,Western Lawa,69.0,10.0,25.0,25.0,15.870032,100.992541
1163,Thailand,Eastern Lawa,69.0,10.0,94.0,94.0,15.870032,100.992541
1164,Timor-Leste,Portuguese,820.0,59.0,100.0,100.0,-8.874217,125.727539
1165,Timor-Leste,Tetum,820.0,59.0,58.0,58.0,-8.874217,125.727539
1166,Togo,French,5300000.0,61.0,60.0,60.0,8.619543,0.824782
1167,Togo,Ewe,1500000.0,17.0,60.0,60.0,8.619543,0.824782
1168,Togo,Ifè,110.0,1.3,15.0,15.0,8.619543,0.824782
1169,Tokelau,English,13.0,78.0,94.0,94.0,-8.967363,-171.855881
1170,Tokelau,Tokelau,13.0,78.0,94.0,5.0,-8.967363,-171.855881
1171,Tonga,Tongan,100.0,95.0,99.0,99.0,-21.178986,-175.198242
1172,Tonga,English,30.0,28.0,99.0,99.0,-21.178986,-175.198242
1173,Tunisia,Tunisian Arabic,11000000.0,90.0,79.0,79.0,33.886917,9.537499
1174,Tunisia,Arabic,11000000.0,90.0,79.0,79.0,33.886917,9.537499
1175,Tunisia,French,8700000.0,74.0,79.0,79.0,33.886917,9.537499
1176,Turkey,Turkish,76000000.0,93.0,94.0,94.0,38.963745,35.243322
1177,Turkey,English,14000000.0,17.0,94.0,94.0,38.963745,35.243322
1178,Turkey,Kurdish,4500000.0,5.5,94.0,94.0,38.963745,35.243322
1179,Turkey,Zaza,1100000.0,1.4,94.0,94.0,38.963745,35.243322
1180,Turkey,Kabardian,630.0,0.77,94.0,94.0,38.963745,35.243322
1181,Turkey,Azerbaijani,610.0,0.74,94.0,94.0,38.963745,35.243322
1182,Turkey,Azerbaijani (Arabic),530.0,0.65,94.0,94.0,38.963745,35.243322
1183,Turkey,Arabic,460.0,0.56,94.0,94.0,38.963745,35.243322
1184,Turkey,Balkan Gagauz Turkish,380.0,0.46,94.0,94.0,38.963745,35.243322
1185,Turkey,Bulgarian,340.0,0.42,94.0,94.0,38.963745,35.243322
1186,Turkey,Adyghe,320.0,0.39,94.0,94.0,38.963745,35.243322
1187,Turkey,Kirmanjki,160.0,0.19,94.0,94.0,38.963745,35.243322
1188,Turkey,Armenian,46.0,56.0,94.0,94.0,38.963745,35.243322
1189,Turkey,Georgian,46.0,56.0,94.0,94.0,38.963745,35.243322
1190,Turkey,Laz,23.0,28.0,94.0,94.0,38.963745,35.243322
1191,Turkey,Serbian (Latin),23.0,28.0,94.0,5.0,38.963745,35.243322
1192,Turkey,Albanian,17.0,21.0,94.0,94.0,38.963745,35.243322
1193,Turkey,Abkhazian,4.0,49.0,94.0,94.0,38.963745,35.243322
1194,Turkey,Greek,4.0,49.0,94.0,94.0,38.963745,35.243322
1195,Turkey,Turoyo,3.0,37.0,94.0,94.0,38.963745,35.243322
1196,Turkey,Uzbek,2.0,24.0,94.0,94.0,38.963745,35.243322
1197,Turkey,Kyrgyz (Latin),11.0,14.0,94.0,94.0,38.963745,35.243322
1198,Turkey,Kazakh,570.0,70.0,94.0,94.0,38.963745,35.243322
1199,Turkmenistan,Turkmen,3900000.0,70.0,100.0,100.0,38.969719,59.556278
1200,Turkmenistan,Russian,660.0,12.0,100.0,100.0,38.969719,59.556278
1201,Turkmenistan,Uzbek,500.0,9.0,100.0,100.0,38.969719,59.556278
1202,Turkmenistan,Kurdish,22.0,0.4,100.0,100.0,38.969719,59.556278
1203,Tuvalu,Tuvalu,99.0,87.0,95.0,95.0,-7.109535,177.64933
1204,Tuvalu,English,11.0,9.4,95.0,95.0,-7.109535,177.64933
1205,U.S. Virgin Islands,English,80.0,75.0,99.0,99.0,18.335765,-64.896335
1206,Uganda,Swahili,32000000.0,75.0,73.0,73.0,1.373333,32.290275
1207,Uganda,Ganda,5600000.0,13.0,73.0,73.0,1.373333,32.290275
1208,Uganda,Nyankole,2700000.0,6.3,73.0,73.0,1.373333,32.290275
1209,Uganda,Chiga,2300000.0,5.4,73.0,73.0,1.373333,32.290275
1210,Uganda,Soga,2300000.0,5.3,73.0,73.0,1.373333,32.290275
1211,Uganda,English,1700000.0,3.9,73.0,73.0,1.373333,32.290275
1212,Uganda,Teso,1700000.0,3.9,73.0,73.0,1.373333,32.290275
1213,Uganda,Lango [Uganda],1600000.0,3.8,73.0,73.0,1.373333,32.290275
1214,Uganda,Acoli,1600000.0,3.7,73.0,73.0,1.373333,32.290275
1215,Uganda,Masaaba,1300000.0,2.9,73.0,73.0,1.373333,32.290275
1216,Uganda,Kinyarwanda,910.0,2.1,73.0,73.0,1.373333,32.290275
1217,Uganda,Tooro,820.0,1.9,73.0,73.0,1.373333,32.290275
1218,Uganda,Hindi,22.0,51.0,73.0,73.0,1.373333,32.290275
1219,Ukraine,Ukrainian,29000000.0,65.0,100.0,100.0,48.379433,31.16558
1220,Ukraine,Russian,20000000.0,46.0,100.0,100.0,48.379433,31.16558
1221,Ukraine,Polish,1100000.0,2.4,100.0,100.0,48.379433,31.16558
1222,Ukraine,Yiddish,570.0,1.3,100.0,100.0,48.379433,31.16558
1223,Ukraine,Rusyn,530.0,1.2,100.0,100.0,48.379433,31.16558
1224,Ukraine,Belarusian,360.0,0.83,100.0,100.0,48.379433,31.16558
1225,Ukraine,Crimean Turkish,250.0,0.56,100.0,100.0,48.379433,31.16558
1226,Ukraine,Romanian,230.0,0.52,100.0,100.0,48.379433,31.16558
1227,Ukraine,Bulgarian,220.0,0.49,100.0,100.0,48.379433,31.16558
1228,Ukraine,Turkish,180.0,0.42,100.0,100.0,48.379433,31.16558
1229,Ukraine,Hungarian,160.0,0.37,100.0,100.0,48.379433,31.16558
1230,Ukraine,Greek,7.0,16.0,100.0,100.0,48.379433,31.16558
1231,United Arab Emirates,Arabic,7800000.0,78.0,90.0,90.0,23.424076,53.847818
1232,United Arab Emirates,English,5000000.0,50.0,90.0,90.0,23.424076,53.847818
1233,United Arab Emirates,Malayalam,700.0,7.0,90.0,90.0,23.424076,53.847818
1234,United Arab Emirates,Pashto,290.0,2.9,90.0,90.0,23.424076,53.847818
1235,United Arab Emirates,Baluchi,230.0,2.3,90.0,90.0,23.424076,53.847818
1236,United Arab Emirates,Persian,190.0,1.9,90.0,90.0,23.424076,53.847818
1237,United Kingdom,English,65000000.0,99.0,99.0,99.0,55.378051,-3.435973
1238,United Kingdom,French,12000000.0,19.0,99.0,99.0,55.378051,-3.435973
1239,United Kingdom,German,3900000.0,6.0,99.0,99.0,55.378051,-3.435973
1240,United Kingdom,Scots,1800000.0,2.7,99.0,5.0,55.378051,-3.435973
1241,United Kingdom,Punjabi,520.0,0.79,99.0,99.0,55.378051,-3.435973
1242,United Kingdom,Welsh,510.0,0.77,99.0,99.0,55.378051,-3.435973
1243,United Kingdom,Bangla,440.0,0.67,99.0,99.0,55.378051,-3.435973
1244,United Kingdom,Traditional Chinese,360.0,0.54,99.0,99.0,55.378051,-3.435973
1245,United Kingdom,Sylheti,340.0,0.51,99.0,99.0,55.378051,-3.435973
1246,United Kingdom,Greek,220.0,0.33,99.0,99.0,55.378051,-3.435973
1247,United Kingdom,Italian,220.0,0.33,99.0,99.0,55.378051,-3.435973
1248,United Kingdom,Kashmiri,120.0,0.19,99.0,99.0,55.378051,-3.435973
1249,United Kingdom,Scottish Gaelic,65.0,99.0,99.0,5.0,55.378051,-3.435973
1250,United Kingdom,Yiddish,32.0,49.0,99.0,99.0,55.378051,-3.435973
1251,United Kingdom,Malayalam,23.0,35.0,99.0,99.0,55.378051,-3.435973
1252,United Kingdom,Irish,17.0,26.0,99.0,99.0,55.378051,-3.435973
1253,United Kingdom,Cornish,2.0,30.0,99.0,99.0,55.378051,-3.435973
1254,United States,English,320000000.0,96.0,99.0,99.0,37.09024,-95.712891
1255,United States,Spanish,32000000.0,9.6,99.0,99.0,37.09024,-95.712891
1256,United States,Traditional Chinese,2300000.0,0.69,99.0,99.0,37.09024,-95.712891
1257,United States,French,1900000.0,0.56,99.0,99.0,37.09024,-95.712891
1258,United States,German,1600000.0,0.47,99.0,99.0,37.09024,-95.712891
1259,United States,Filipino,1400000.0,0.42,99.0,99.0,37.09024,-95.712891
1260,United States,Italian,1100000.0,0.34,99.0,99.0,37.09024,-95.712891
1261,United States,Vietnamese,1100000.0,0.34,99.0,99.0,37.09024,-95.712891
1262,United States,Korean,1000000.0,0.3,99.0,99.0,37.09024,-95.712891
1263,United States,Russian,800.0,0.24,99.0,99.0,37.09024,-95.712891
1264,United States,Navajo,170.0,50.0,99.0,99.0,37.09024,-95.712891
1265,United States,Yiddish,160.0,49.0,99.0,99.0,37.09024,-95.712891
1266,United States,Pennsylvania German,130.0,39.0,99.0,99.0,37.09024,-95.712891
1267,United States,Hawaiian,30.0,89.0,99.0,99.0,37.09024,-95.712891
1268,United States,Cajun French,28.0,84.0,99.0,99.0,37.09024,-95.712891
1269,United States,Cherokee,26.0,77.0,99.0,5.0,37.09024,-95.712891
1270,United States,Central Yupik,21.0,63.0,99.0,99.0,37.09024,-95.712891
1271,United States,Dakota,20.0,59.0,99.0,99.0,37.09024,-95.712891
1272,United States,Choctaw,11.0,33.0,99.0,99.0,37.09024,-95.712891
1273,United States,Lakota,83.0,25.0,99.0,99.0,37.09024,-95.712891
1274,United States,Inupiaq,8.0,24.0,99.0,5.0,37.09024,-95.712891
1275,United States,Muscogee,4.0,12.0,99.0,99.0,37.09024,-95.712891
1276,United States,Caddo,0.0,0.0,,,37.09024,-95.712891
1277,United States,Chickasaw,0.0,0.0,,,37.09024,-95.712891
1278,United States,Osage,0.0,0.0,,,37.09024,-95.712891
1279,Uruguay,Spanish,3000000.0,88.0,98.0,98.0,-32.522779,-55.765835
1280,Uzbekistan,Uzbek,26000000.0,85.0,99.0,99.0,41.377491,64.585262
1281,Uzbekistan,Uzbek (Cyrillic),4600000.0,15.0,99.0,99.0,41.377491,64.585262
1282,Uzbekistan,Russian,4300000.0,14.0,99.0,99.0,41.377491,64.585262
1283,Uzbekistan,Kara-Kalpak,490.0,1.6,99.0,99.0,41.377491,64.585262
1284,Uzbekistan,Turkish,230.0,0.76,99.0,99.0,41.377491,64.585262
1285,Vanuatu,Bislama,270.0,90.0,83.0,83.0,-15.376706,166.959158
1286,Vanuatu,English,250.0,83.0,83.0,83.0,-15.376706,166.959158
1287,Vanuatu,French,150.0,50.0,83.0,83.0,-15.376706,166.959158
1288,Vatican City,Italian,820.0,82.0,100.0,100.0,41.902916,12.453389
1289,Vatican City,Latin,820.0,82.0,100.0,100.0,41.902916,12.453389
1290,Venezuela,Spanish,23000000.0,82.0,96.0,96.0,6.42375,-66.58973
1291,Vietnam,Vietnamese,85000000.0,86.0,93.0,93.0,14.058324,108.277199
1292,Vietnam,Traditional Chinese,1100000.0,1.1,93.0,93.0,14.058324,108.277199
1293,Vietnam,Eastern Cham,88.0,89.0,60.0,60.0,14.058324,108.277199
1294,Western Sahara,Arabic,650.0,100.0,50.0,50.0,24.215527,-12.885834
1295,Yemen,Arabic,22000000.0,74.0,65.0,65.0,15.552727,48.516388
1296,Yemen,English,2700000.0,9.0,65.0,65.0,15.552727,48.516388
1297,Zambia,Bemba,5400000.0,31.0,61.0,61.0,-13.133897,27.849332
1298,Zambia,English,2800000.0,16.0,61.0,61.0,-13.133897,27.849332
1299,Zambia,Nyanja,2600000.0,15.0,61.0,61.0,-13.133897,27.849332
1300,Zambia,Lozi,1000000.0,6.0,61.0,61.0,-13.133897,27.849332
1301,Zimbabwe,Shona,12000000.0,81.0,84.0,84.0,-19.015438,29.154857
1302,Zimbabwe,English,6100000.0,42.0,84.0,84.0,-19.015438,29.154857
1303,Zimbabwe,North Ndebele,1700000.0,12.0,84.0,84.0,-19.015438,29.154857
1304,Zimbabwe,Manyika,950.0,6.5,84.0,84.0,-19.015438,29.154857
1305,Zimbabwe,Ndau,890.0,6.1,84.0,84.0,-19.015438,29.154857
1306,Zimbabwe,Kalanga,770.0,5.3,84.0,84.0,-19.015438,29.154857
1307,Zimbabwe,Nyanja,280.0,1.9,84.0,84.0,-19.015438,29.154857
1308,Zimbabwe,Venda,93.0,0.64,84.0,84.0,-19.015438,29.154857
1309,Zimbabwe,Tswana,32.0,0.22,84.0,84.0,-19.015438,29.154857
